id_commune,nom_commune,arrondissement,zone_wbg,urbain_rural,strate,brh_maison_de_transfert,brh_agent_non_bancaire,brh_banque,brh_atm,brh_microfinance,brh_caisse_populaire,brh_total_effectif,population_totale,population_urbaine,pop_masculine,pop_masculine_urbaine,pop_feminine,pop_feminine_urbaine,pop_masculine_18_plus,pop_masculine_18_plus_urbaine,pop_feminine_18_plus,pop_feminine_18_plus_urbaine,nb_menages,nb_menages_urbains,superficie_km2,superficie_urbaine_km2,taux_compte_formel,taux_compte_mobile,taux_utilisation_OTA,score_connaissance_fka,taux_connaissance_banque,taux_satisfaction_banque,taux_epargne_formelle,taux_endettement_formel,taux_telephone_mobile,taux_internet,acces_routier,classe_urbanisation,classe_densite_demographique,classe_densite_bancaire,classe_diversite_services,taux_pauvrete_proxy,indice_privation_spatiale,classe_privation_spatiale,departement,classe_taille_population,classe_pauvrete,a_une_banque,profil_services_financiers,classe_taille_menage,part_urbaine,densite_hab_km2,densite_bancaire_10k,nb_types_services,taille_moyenne_menage
C-001,Port-au-Prince,Port-au-Prince,PAP,Urbain,Urbaine-PAP,139,248,22,30,16,6,461,989447,988438,468815,468450,520632,519988,322606,322364,358875,358458,213294,213077,36.04,25.29,20.4,7.09,54.3,5.02,100.0,68.69,13.84,9.24,100.0,43.41,Proche,Urbaine,Élevée,Élevée,Élevée,44.2,0.276,Faible,Ouest,Grande,Faible,Oui,Pôle financier complet,Moyenne,0.9989802384564307,27454.134295227526,4.659168202036087,6,4.638888107494819
C-002,Delmas,Port-au-Prince,PAP,Urbain,Urbaine-PAP,168,184,25,37,8,2,424,396122,396122,188524,188524,207598,207598,125356,125356,134822,134822,83739,83739,27.74,27.74,24.77,7.7,41.8,5.91,96.32,69.41,17.06,7.98,86.01,45.79,Proche,Urbaine,Élevée,Élevée,Élevée,56.4,0.492,Moyenne,Ouest,Grande,Moyenne,Oui,Pôle financier complet,Moyenne,1.0,14279.812545061284,10.703773080010704,6,4.730436236401199
C-003,Cité Soleil,Port-au-Prince,PAP,Urbain,Urbaine-PAP,9,21,2,1,2,1,36,265687,265687,130716,130716,134971,134971,86918,86918,87653,87653,59435,59435,21.81,21.81,19.23,8.84,48.71,4.49,100.0,68.13,11.92,12.2,83.65,44.09,Proche,Urbaine,Élevée,Faible,Élevée,74.7,0.93,Élevée,Ouest,Grande,Élevée,Oui,Pôle financier complet,Moyenne,1.0,12181.88904172398,1.354977849875982,6,4.470211155043325
C-004,Tabarre,Port-au-Prince,PAP,Urbain,Urbaine-PAP,52,56,8,9,3,1,129,130564,130564,61873,61873,68691,68691,41143,41143,44611,44611,27547,27547,24.47,24.47,18.63,7.06,56.23,4.89,99.33,67.33,14.57,13.98,75.68,36.9,Proche,Urbaine,Élevée,Élevée,Élevée,63.7,0.657,Moyenne,Ouest,Grande,Moyenne,Oui,Pôle financier complet,Moyenne,1.0,5335.676338373519,9.880212003308722,6,4.739681272007841
C-005,Carrefour,Port-au-Prince,PAP,Urbain,Urbaine-PAP,230,122,12,9,7,1,381,512467,511446,244664,244077,267803,267369,162643,162251,178235,177946,105196,104938,165.16,21.85,22.94,8.63,58.02,3.6,100.0,80.38,13.16,13.35,91.33,46.27,Proche,Urbaine,Élevée,Élevée,Élevée,45.4,0.241,Faible,Ouest,Grande,Faible,Oui,Pôle financier complet,Grande,0.9980076765918586,3102.851780092032,7.434625058784273,6,4.871544545419978
C-006,Pétion-Ville,Port-au-Prince,PAP,Urbain,Urbaine-PAP,124,129,28,34,9,3,327,377688,374446,183838,183190,193850,191256,127288,126842,132581,130829,83259,82552,165.49,37.34,16.47,8.48,58.44,5.46,100.0,54.59,15.25,8.32,90.01,37.31,Proche,Urbaine,Élevée,Élevée,Élevée,53.8,0.432,Moyenne,Ouest,Grande,Moyenne,Oui,Pôle financier complet,Moyenne,0.9914161953781958,2282.2406187685056,8.657939886890768,6,4.536302381724498
C-007,Kenscoff,Port-au-Prince,Connectée (RN),Urbain,Urbaine-Connectée (RN),2,8,0,0,0,1,11,57573,49885,28978,25305,28595,24580,18748,16308,18611,15981,13178,11484,202.76,1.46,14.61,2.57,39.78,3.66,100.0,66.45,14.13,12.2,84.18,38.71,Proche,Urbaine,Moyenne,Moyenne,Moyenne,78.6,0.895,Élevée,Ouest,Moyenne,Élevée,Non,Caisse populaire uniquement,Petite,0.8664651833324649,283.9465377786546,1.9106178243273757,3,4.368872363029292
C-008,Gressier,Port-au-Prince,Non-connectée (H-Ile),Urbain,Urbaine-Non-connectée (H-Ile),31,21,0,0,0,2,54,36541,34142,18440,17280,18101,16862,11655,10899,11783,10980,8985,8427,92.31,1.76,23.96,9.28,65.21,3.48,82.89,84.23,18.32,13.35,74.05,36.05,Proche,Urbaine,Moyenne,Élevée,Moyenne,63.6,0.68,Moyenne,Ouest,Petite,Moyenne,Non,Caisse populaire uniquement,Petite,0.9343477190005747,395.8509370599068,14.77792069182562,3,4.066889259877573
C-009,Léogâne,Léogâne,Connectée (RN),Urbain,Urbaine-Connectée (RN),65,65,3,2,6,4,145,200287,190275,99844,94891,100443,95384,64954,61743,67175,63813,46307,43953,385.23,10.61,13.49,3.31,43.65,4.12,81.96,79.71,16.14,10.25,85.64,50.2,Proche,Urbaine,Élevée,Élevée,Élevée,72.3,0.846,Élevée,Ouest,Grande,Élevée,Oui,Pôle financier complet,Petite,0.9500117331629112,519.9153752303819,7.2396111579882865,6,4.325199213941737
C-010,Petit-Goâve,Léogâne,Non-connectée (H-Ile),Urbain,Urbaine-Non-connectée (H-Ile),26,49,3,1,4,0,83,173389,170529,88019,86438,85370,84091,56645,55627,56406,55577,39766,39077,387.88,6.69,29.22,8.22,63.29,2.91,99.41,56.64,12.05,11.17,83.12,45.99,Moyen,Urbaine,Élevée,Élevée,Élevée,52.6,0.423,Faible,Ouest,Grande,Faible,Oui,Pôle financier complet,Petite,0.9835052973372013,447.0171186965041,4.786924199343672,5,4.360232359301916
C-011,Grand-Goâve,Léogâne,Non-connectée (H-Ile),Urbain,Urbaine-Non-connectée (H-Ile),5,13,0,1,0,1,20,136799,110974,64885,53778,71914,57196,39563,32480,46369,36104,33792,27094,242.79,1.53,21.4,7.17,57.71,3.93,100.0,68.63,16.51,7.69,67.2,45.81,Éloigné,Urbaine,Élevée,Faible,Élevée,68.9,0.809,Élevée,Ouest,Grande,Élevée,Non,Caisse populaire uniquement,Petite,0.8112193802586276,563.4457761851806,1.461998991220696,4,4.048265861742424
C-012,Croix-des-Bouquets,Croix-des-Bouquets,PAP,Urbain,Urbaine-PAP,104,97,5,3,10,3,222,250205,231077,123113,114906,127092,116171,80390,75021,83044,75943,54465,50268,634.62,5.46,28.01,6.71,43.64,5.3,98.59,78.24,13.26,11.44,65.46,49.86,Proche,Urbaine,Moyenne,Élevée,Élevée,59.8,0.539,Moyenne,Ouest,Grande,Moyenne,Oui,Pôle financier complet,Moyenne,0.9235506884354829,394.25955690019225,8.872724366019865,6,4.5938676214082435
C-013,Thomazeau,Croix-des-Bouquets,Non-connectée (H-Ile),Urbain,Urbaine-Non-connectée (H-Ile),5,7,0,0,0,0,12,53093,44006,27242,22803,25851,21203,16650,13788,16147,13170,12462,10392,300.39,1.3,22.8,7.45,55.06,3.97,75.05,77.49,13.7,9.25,91.12,59.72,Proche,Urbaine,Faible,Moyenne,Moyenne,45.7,0.275,Faible,Ouest,Moyenne,Faible,Non,Aucune institution formelle,Petite,0.8288474940199273,176.74689570225374,2.260184958469101,2,4.2603915904349225
C-014,Ganthier,Croix-des-Bouquets,Non-connectée (H-Ile),Urbain,Urbaine-Non-connectée (H-Ile),5,16,0,1,1,0,23,62683,57636,31614,29327,31069,28309,20669,19185,19654,17878,12292,11142,496.11,2.42,19.08,8.76,60.97,2.89,74.02,74.11,15.71,11.33,51.22,31.23,Éloigné,Urbaine,Faible,Élevée,Élevée,54.0,0.334,Faible,Ouest,Moyenne,Moyenne,Non,Microfinance sans banque,Grande,0.9194837515753873,126.34899518252,3.669256417210408,4,5.099495606898796
C-015,Cornillon,Croix-des-Bouquets,Non-connectée (H-Ile),Rural,Rurale-Non-connectée (H-Ile),2,4,0,0,1,0,7,59811,17583,30890,9383,28921,8200,18308,5247,17179,4762,12997,4214,223.24,0.87,24.25,10.11,85.5,3.48,73.09,69.65,2.78,2.3,72.16,9.78,Éloigné,Rurale,Moyenne,Faible,Moyenne,55.7,0.453,Moyenne,Ouest,Moyenne,Moyenne,Non,Microfinance sans banque,Moyenne,0.29397602447710286,267.9224153377531,1.1703532794970826,3,4.601908132645995
C-016,Fonds-Verrettes,Croix-des-Bouquets,Non-connectée (H-Ile),Urbain,Urbaine-Non-connectée (H-Ile),2,8,0,0,1,0,11,50146,43293,25553,22170,24593,21123,14141,12300,14020,12149,10799,9450,275.81,1.19,19.79,8.63,56.58,4.22,68.34,67.85,17.01,11.9,77.98,38.12,Proche,Urbaine,Faible,Moyenne,Moyenne,43.7,0.285,Faible,Ouest,Moyenne,Faible,Non,Microfinance sans banque,Moyenne,0.8633390499740757,181.8135673108299,2.19359470346588,3,4.643578109084174
C-017,Arcahaie,Arcahaie,Connectée (RN),Urbain,Urbaine-Connectée (RN),17,20,0,2,0,1,40,130620,122477,65622,61738,64998,60739,41782,39356,42608,39975,33604,31629,408.73,13.01,12.24,2.44,61.0,2.97,95.54,69.9,13.26,12.69,100.0,36.64,Éloigné,Urbaine,Moyenne,Moyenne,Élevée,78.1,0.886,Élevée,Ouest,Grande,Élevée,Non,Caisse populaire uniquement,Petite,0.9376588577553208,319.5752697379688,3.062318174858368,4,3.887037257469349
C-018,Cabaret,Arcahaie,Connectée (RN),Urbain,Urbaine-Connectée (RN),11,32,1,1,4,1,50,68406,67428,34104,33678,34302,33750,20798,20537,21893,21550,15562,15328,202.36,1.74,14.62,2.91,57.1,3.46,100.0,64.46,13.61,9.71,77.78,35.21,Proche,Urbaine,Moyenne,Élevée,Élevée,76.6,0.966,Élevée,Ouest,Grande,Élevée,Oui,Pôle financier complet,Petite,0.9857030085080256,338.041114844831,7.309300353770137,6,4.395707492610204
C-019,Anse-à-Galets,La Gonâve,Non-connectée (H-Ile),Urbain,Urbaine-Non-connectée (H-Ile),22,27,1,0,2,0,52,62709,60946,31572,30795,31137,30151,18214,17742,18530,17924,12976,12564,372.01,2.45,25.57,8.23,55.57,4.3,92.81,71.54,13.52,9.12,92.31,40.11,Éloigné,Urbaine,Faible,Élevée,Élevée,45.5,0.289,Faible,Ouest,Grande,Faible,Oui,Bancarisé,Moyenne,0.971886013171953,168.56804924598802,8.292270646956577,4,4.832691122071517
C-020,Pointe-à-Raquette,La Gonâve,Non-connectée (H-Ile),Urbain,Urbaine-Non-connectée (H-Ile),4,13,0,0,0,0,17,24579,18876,12831,9889,11748,8987,8207,6444,7236,5573,6760,5413,317.61,0.57,21.4,11.07,64.3,3.95,61.47,72.85,13.73,7.44,79.0,34.34,Proche,Urbaine,Faible,Élevée,Moyenne,75.9,0.907,Élevée,Ouest,Petite,Élevée,Non,Aucune institution formelle,Petite,0.7679726595874528,77.38736185888354,6.9164734122625005,2,3.6359467455621304
C-021,Jacmel,Jacmel,Connectée (RN),Rural,Rurale-Connectée (RN),59,105,3,2,7,4,180,221965,109298,108609,51186,113356,58112,68220,32603,74259,38534,50291,23682,443.88,3.75,36.51,15.63,100.0,4.11,91.31,60.19,3.49,2.88,71.19,11.55,Moyen,Mi-urbaine,Élevée,Élevée,Élevée,48.9,0.226,Faible,Sud-Est,Grande,Faible,Oui,Pôle financier complet,Petite,0.4924109656927894,500.056321528341,8.109386615006871,6,4.413612773657315
C-022,Marigot,Jacmel,Non-connectée (H-Ile),Rural,Rurale-Non-connectée (H-Ile),9,20,0,0,1,2,32,88579,22385,41718,10847,46861,11538,23151,6120,29208,7248,19431,4934,187.11,4.6,28.17,14.41,100.0,4.54,90.73,77.75,3.28,2.74,77.74,11.09,Proche,Rurale,Élevée,Élevée,Élevée,74.8,0.952,Élevée,Sud-Est,Grande,Élevée,Non,Microfinance sans banque,Moyenne,0.2527122681448199,473.40601785046226,3.612594407252283,4,4.558643404868509
C-023,Cayes-Jacmel,Jacmel,Non-connectée (H-Ile),Rural,Rurale-Non-connectée (H-Ile),5,10,0,0,0,1,16,47835,11019,23013,5315,24822,5704,13134,3191,15255,3534,10348,2487,78.99,0.94,29.17,12.07,63.88,3.8,100.0,100.0,3.77,2.3,65.14,11.79,Proche,Rurale,Élevée,Élevée,Moyenne,63.1,0.727,Élevée,Sud-Est,Moyenne,Moyenne,Non,Caisse populaire uniquement,Moyenne,0.23035434305424898,605.5829851879985,3.3448311905508517,3,4.622632392732895
C-024,La Vallée de Jacmel,Jacmel,Non-connectée (H-Ile),Rural,Rurale-Non-connectée (H-Ile),5,9,0,0,1,2,17,43154,3887,22425,1982,20729,1905,13546,1180,12614,1162,9428,867,84.79,0.88,25.91,12.53,67.42,3.9,72.67,52.81,4.02,3.2,80.46,11.84,Proche,Rurale,Élevée,Élevée,Élevée,56.1,0.508,Moyenne,Sud-Est,Moyenne,Moyenne,Non,Microfinance sans banque,Moyenne,0.09007276266394772,508.95152730274793,3.93937989525884,4,4.577216801018244
C-025,Bainet,Bainet,Non-connectée (H-Ile),Rural,Rurale-Non-connectée (H-Ile),5,19,0,0,0,0,24,102806,12147,51910,5950,50896,6197,30749,3669,31738,3863,23078,3029,300.6,0.59,28.91,12.01,95.74,4.99,87.55,75.5,2.54,2.8,59.57,11.99,Moyen,Rurale,Moyenne,Moyenne,Moyenne,51.5,0.342,Faible,Sud-Est,Grande,Faible,Non,Aucune institution formelle,Petite,0.11815458241736863,342.0026613439787,2.3344940956753497,2,4.4547187797902765
C-026,Côtes-de-Fer,Bainet,Non-connectée (H-Ile),Rural,Rurale-Non-connectée (H-Ile),5,5,0,0,0,0,10,58089,7335,30402,3794,27687,3541,18408,2366,17105,2207,12843,1864,162.03,0.5,17.23,12.59,65.87,3.44,100.0,63.79,3.03,2.52,73.09,10.38,Proche,Rurale,Moyenne,Faible,Moyenne,50.7,0.381,Faible,Sud-Est,Moyenne,Faible,Non,Aucune institution formelle,Moyenne,0.1262717554098022,358.50768376226625,1.7214963246053467,2,4.523008642840458
C-027,Belle-Anse,Belle-Anse,Non-connectée (H-Ile),Rural,Rurale-Non-connectée (H-Ile),2,21,0,0,0,1,24,90035,14478,43814,7453,46221,7025,23265,4146,26481,4156,19132,3351,381.27,1.19,22.86,11.53,62.77,3.13,99.28,78.24,2.47,2.75,79.69,14.5,Éloigné,Rurale,Faible,Moyenne,Moyenne,73.7,0.844,Élevée,Sud-Est,Grande,Élevée,Non,Caisse populaire uniquement,Moyenne,0.16080413172655078,236.1449891153251,2.6656300327650357,3,4.705989964457453
C-028,Grand-Gosier,Belle-Anse,Non-connectée (H-Ile),Rural,Rurale-Non-connectée (H-Ile),1,0,0,0,0,0,1,20220,6907,10018,3379,10202,3528,5695,2026,6092,2116,4726,1739,83.91,1.21,20.88,14.37,72.59,3.78,100.0,72.5,2.65,3.48,76.93,11.39,Proche,Mi-urbaine,Faible,Faible,Faible,63.6,0.749,Élevée,Sud-Est,Petite,Moyenne,Non,Aucune institution formelle,Petite,0.34159248269040554,240.97247050411156,0.4945598417408507,1,4.278459585272958
C-029,Thiotte,Belle-Anse,Non-connectée (H-Ile),Rural,Rurale-Non-connectée (H-Ile),3,11,0,0,2,1,17,41394,16615,20499,8285,20895,8330,11476,4769,12284,4967,9410,4078,126.33,2.41,24.43,10.99,83.24,3.78,94.6,80.23,2.72,3.27,90.12,7.93,Proche,Mi-urbaine,Moyenne,Élevée,Élevée,51.3,0.408,Faible,Sud-Est,Moyenne,Faible,Non,Microfinance sans banque,Petite,0.4013866743972556,327.6656376157682,4.106875392568971,4,4.3989373007438894
C-030,Anse-à-Pitre,Belle-Anse,Non-connectée (H-Ile),Urbain,Urbaine-Non-connectée (H-Ile),1,3,0,0,1,0,5,35726,24431,17878,12356,17848,12075,9974,6765,10598,7317,8835,6228,185.19,4.45,21.58,9.48,56.91,3.5,97.6,84.7,12.62,10.79,74.38,35.69,Proche,Mi-urbaine,Faible,Faible,Moyenne,47.2,0.227,Faible,Sud-Est,Petite,Faible,Non,Microfinance sans banque,Petite,0.6838436992666406,192.9153842000108,1.3995409505682137,3,4.04368986983588
C-031,Cap-Haïtien,Cap-Haïtien,Connectée (RN),Urbain,Urbaine-Connectée (RN),107,91,11,6,6,1,222,301506,299645,139827,139571,161679,160074,88261,88106,103807,102851,58440,58070,53.5,24.21,13.46,2.71,44.76,3.49,100.0,68.93,12.63,12.02,66.62,31.03,Proche,Urbaine,Élevée,Élevée,Élevée,44.7,0.18,Faible,Nord,Grande,Faible,Oui,Pôle financier complet,Grande,0.9938276518543578,5635.626168224299,7.363037551491512,6,5.159240246406571
C-032,Quartier-Morin,Cap-Haïtien,Connectée (RN),Rural,Rurale-Connectée (RN),1,13,0,0,0,0,14,30057,12287,15278,6250,14779,6037,9868,4045,9559,3992,6689,2660,60.36,1.01,40.78,19.52,70.02,5.21,82.59,78.38,2.94,2.48,59.56,11.03,Proche,Mi-urbaine,Élevée,Élevée,Moyenne,67.9,0.709,Élevée,Nord,Petite,Élevée,Non,Aucune institution formelle,Moyenne,0.4087899657317763,497.96222664015903,4.657816814718701,2,4.493496785767678
C-033,Limonade,Cap-Haïtien,Connectée (RN),Urbain,Urbaine-Connectée (RN),5,5,0,0,0,2,12,60583,41309,30704,20767,29879,20542,18540,12572,18761,12982,12878,9048,131.9,1.92,13.45,2.52,44.3,4.33,100.0,43.44,12.26,11.05,92.32,41.23,Proche,Mi-urbaine,Élevée,Moyenne,Moyenne,59.7,0.51,Moyenne,Nord,Moyenne,Moyenne,Non,Caisse populaire uniquement,Moyenne,0.6818579469488141,459.3100833965125,1.9807536767740126,3,4.704379562043796
C-034,Acul-du-Nord,Acul-du-Nord,Non-connectée (H-Ile),Urbain,Urbaine-Non-connectée (H-Ile),0,8,0,1,0,0,9,61421,31215,30925,15801,30496,15414,19490,9837,19593,9839,12649,6450,186.37,4.71,25.06,8.65,50.17,3.38,73.85,89.18,16.89,11.24,90.27,39.05,Éloigné,Mi-urbaine,Moyenne,Faible,Moyenne,45.4,0.192,Faible,Nord,Moyenne,Faible,Non,Aucune institution formelle,Grande,0.5082138030966608,329.5648441272737,1.4652968854300645,2,4.855798877381611
C-035,Plaine-du-Nord,Acul-du-Nord,Connectée (RN),Urbain,Urbaine-Connectée (RN),1,16,0,0,0,1,18,45326,29337,22166,14376,23160,14961,13105,8505,14400,9436,9538,6427,100.69,4.5,13.32,3.65,66.58,4.7,98.63,70.77,12.94,10.22,85.29,54.67,Proche,Mi-urbaine,Élevée,Élevée,Moyenne,56.5,0.576,Moyenne,Nord,Moyenne,Moyenne,Non,Caisse populaire uniquement,Moyenne,0.647244407183515,450.15393782898,3.9712306402506283,3,4.752149297546655
C-036,Milot,Acul-du-Nord,Connectée (RN),Urbain,Urbaine-Connectée (RN),4,4,0,1,1,1,11,35147,21905,17658,10949,17489,10956,10845,6777,10914,6924,7226,4615,71.64,1.83,13.96,2.97,51.81,4.06,96.52,77.83,21.32,11.72,69.85,45.46,Proche,Mi-urbaine,Élevée,Moyenne,Élevée,58.6,0.487,Moyenne,Nord,Petite,Moyenne,Non,Microfinance sans banque,Grande,0.623239536802572,490.60580681183694,3.1297123509830143,5,4.863963465264323
C-037,Grande-Rivière-du-Nord,Grande-Rivière-du-Nord,Non-connectée (H-Ile),Urbain,Urbaine-Non-connectée (H-Ile),3,4,0,0,0,0,7,45443,32211,22456,15360,22987,16851,14419,9860,14939,10951,10422,7491,128.15,0.94,23.62,7.86,65.49,3.66,84.4,58.83,13.98,9.71,93.66,46.57,Proche,Urbaine,Moyenne,Faible,Moyenne,67.7,0.67,Moyenne,Nord,Moyenne,Élevée,Non,Aucune institution formelle,Petite,0.7088220407983628,354.60788138899727,1.5403912593798825,2,4.360295528689311
C-038,Bahon,Grande-Rivière-du-Nord,Non-connectée (H-Ile),Rural,Rurale-Non-connectée (H-Ile),1,3,0,0,0,0,4,25544,8001,12900,4052,12644,3949,7782,2471,7744,2453,5330,1766,76.38,0.24,25.61,9.83,72.56,3.85,92.68,63.03,3.03,3.23,57.14,9.46,Proche,Mi-urbaine,Moyenne,Faible,Moyenne,52.3,0.363,Faible,Nord,Petite,Faible,Non,Aucune institution formelle,Moyenne,0.31322424052615094,334.433097669547,1.5659254619480114,2,4.79249530956848
C-039,Saint-Raphaël,Saint-Raphaël,Non-connectée (H-Ile),Urbain,Urbaine-Non-connectée (H-Ile),4,22,0,0,3,0,29,59057,36243,29772,18251,29285,17992,17053,10319,17852,11127,12889,8116,183.81,1.78,27.73,7.82,56.19,3.06,84.32,73.58,12.09,11.91,98.6,35.71,Proche,Mi-urbaine,Moyenne,Élevée,Moyenne,59.2,0.59,Moyenne,Nord,Moyenne,Moyenne,Non,Microfinance sans banque,Moyenne,0.613695243578238,321.2937272183233,4.910510185075435,3,4.581969120955854
C-040,Dondon,Saint-Raphaël,Non-connectée (H-Ile),Urbain,Urbaine-Non-connectée (H-Ile),2,3,0,0,0,0,5,38016,23753,19343,11999,18673,11754,11690,7080,11652,7265,8123,5032,120.36,0.75,29.43,6.16,51.61,4.0,78.05,71.82,18.84,6.19,100.0,42.23,Proche,Mi-urbaine,Moyenne,Faible,Moyenne,53.6,0.442,Moyenne,Nord,Moyenne,Moyenne,Non,Aucune institution formelle,Moyenne,0.624815867003367,315.852442671984,1.3152356902356903,2,4.680044318601502
C-041,Ranquitte,Saint-Raphaël,Non-connectée (H-Ile),Rural,Rurale-Non-connectée (H-Ile),0,3,0,0,0,0,3,30435,12679,15577,6677,14858,6002,9476,4189,9097,3842,5735,2582,81.65,0.46,25.11,10.18,47.16,4.57,88.07,75.06,3.5,3.54,73.85,11.29,Proche,Mi-urbaine,Moyenne,Faible,Faible,76.9,0.888,Élevée,Nord,Petite,Élevée,Non,Aucune institution formelle,Grande,0.41659273862329554,372.7495407225964,0.9857072449482505,1,5.306887532693985
C-042,Pignon,Saint-Raphaël,Non-connectée (H-Ile),Urbain,Urbaine-Non-connectée (H-Ile),7,16,0,0,2,0,25,47530,31274,23807,15669,23723,15605,14310,9634,14586,9825,10270,7146,140.41,0.9,25.69,8.38,45.85,4.07,77.6,83.71,15.67,5.97,91.35,30.31,Proche,Mi-urbaine,Moyenne,Élevée,Moyenne,63.4,0.677,Moyenne,Nord,Moyenne,Moyenne,Non,Microfinance sans banque,Moyenne,0.6579844308857563,338.50865322982696,5.259835893120134,3,4.628042843232716
C-043,La Victoire,Saint-Raphaël,Non-connectée (H-Ile),Urbain,Urbaine-Non-connectée (H-Ile),1,1,0,0,0,1,3,11582,9060,5741,4543,5841,4517,3234,2553,3411,2659,2339,1882,31.35,0.82,19.53,9.7,42.1,3.59,97.5,52.94,11.97,9.98,77.79,40.86,Proche,Urbaine,Moyenne,Moyenne,Moyenne,45.1,0.205,Faible,Nord,Petite,Faible,Non,Caisse populaire uniquement,Grande,0.7822483163529614,369.44178628389153,2.590226213089277,3,4.951688755878581
C-044,Borgne,Borgne,Non-connectée (H-Ile),Rural,Rurale-Non-connectée (H-Ile),0,3,0,0,0,0,3,73523,30101,36555,14490,36968,15611,20024,8144,22096,9614,13988,6240,202.09,0.87,23.68,16.77,51.88,3.28,76.96,82.52,3.09,3.46,50.99,11.02,Proche,Mi-urbaine,Moyenne,Faible,Faible,53.6,0.307,Faible,Nord,Grande,Moyenne,Non,Aucune institution formelle,Grande,0.4094093004910028,363.813152555792,0.4080355807026373,1,5.256148126965971
C-045,Port-Margot,Borgne,Non-connectée (H-Ile),Urbain,Urbaine-Non-connectée (H-Ile),4,16,0,0,1,1,22,54799,38949,27491,19797,27308,19152,16009,11474,16699,11634,11006,7879,125.19,2.2,26.93,7.39,47.44,3.57,100.0,72.09,12.48,10.48,76.41,40.64,Proche,Urbaine,Élevée,Élevée,Élevée,51.6,0.353,Faible,Nord,Moyenne,Faible,Non,Microfinance sans banque,Grande,0.7107611452763737,437.72665548366484,4.014671800580302,4,4.979011448300927
C-046,Limbé,Limbé,Non-connectée (H-Ile),Urbain,Urbaine-Non-connectée (H-Ile),12,12,2,0,2,0,28,93717,82084,46564,40784,47153,41300,28924,25275,30836,27044,17675,15420,125.8,3.64,26.67,9.84,69.29,3.66,76.52,69.8,18.29,8.58,70.23,36.88,Éloigné,Urbaine,Élevée,Moyenne,Élevée,77.8,0.966,Élevée,Nord,Grande,Élevée,Oui,Bancarisé,Grande,0.8758709732492505,744.9682034976153,2.9877183435235866,4,5.302234794908062
C-047,Bas-Limbé,Limbé,Non-connectée (H-Ile),Urbain,Urbaine-Non-connectée (H-Ile),2,2,0,0,0,0,4,22961,16279,11329,8049,11632,8230,6495,4546,7329,5250,4457,3142,52.94,0.51,24.35,8.4,57.41,3.58,85.1,56.11,16.82,9.2,65.77,38.6,Éloigné,Urbaine,Élevée,Moyenne,Moyenne,62.7,0.686,Élevée,Nord,Petite,Moyenne,Non,Aucune institution formelle,Grande,0.7089848003135752,433.7174159425765,1.7420844039893733,2,5.151671527933588
C-048,Plaisance,Plaisance,Non-connectée (H-Ile),Urbain,Urbaine-Non-connectée (H-Ile),4,9,0,0,0,1,14,76447,43515,37799,21423,38648,22092,22255,12703,23432,13559,14729,8528,121.52,2.31,26.74,7.92,68.99,4.32,84.29,77.43,15.21,12.69,100.0,40.89,Proche,Mi-urbaine,Élevée,Moyenne,Moyenne,59.0,0.457,Moyenne,Nord,Grande,Moyenne,Non,Caisse populaire uniquement,Grande,0.5692178895182283,629.0898617511521,1.831334126911455,3,5.190236947518501
C-049,Pilate,Plaisance,Non-connectée (H-Ile),Rural,Rurale-Non-connectée (H-Ile),7,5,0,0,1,1,14,59382,21323,29245,10238,30137,11085,16363,5753,18068,6580,12176,4481,120.8,0.77,25.77,12.57,83.13,2.63,100.0,45.93,1.9,2.14,72.87,11.15,Éloigné,Mi-urbaine,Élevée,Moyenne,Élevée,60.8,0.454,Moyenne,Nord,Moyenne,Moyenne,Non,Microfinance sans banque,Grande,0.3590818766629618,491.57284768211923,2.357616786231518,4,4.876971090670171
C-050,Fort-Liberté,Fort-Liberté,Connectée (RN),Urbain,Urbaine-Connectée (RN),7,9,1,1,1,1,20,37665,34652,18576,16997,19089,17655,10940,9979,11682,10818,8393,7729,240.28,3.39,16.28,3.03,55.42,4.66,98.66,73.52,12.79,12.86,88.78,45.81,Proche,Urbaine,Faible,Élevée,Élevée,42.9,0.249,Faible,Nord-Est,Moyenne,Faible,Oui,Pôle financier complet,Moyenne,0.9200053099694677,156.75461961045445,5.30996946767556,6,4.487668295007745
C-051,Ferrier,Fort-Liberté,Non-connectée (H-Ile),Urbain,Urbaine-Non-connectée (H-Ile),1,2,0,0,0,1,4,16015,13375,8217,6905,7798,6470,4699,3942,4623,3912,3851,3259,70.0,1.08,24.62,8.23,49.99,3.58,90.05,55.89,16.55,10.91,80.11,48.81,Éloigné,Urbaine,Faible,Moyenne,Moyenne,51.8,0.405,Faible,Nord-Est,Petite,Faible,Non,Caisse populaire uniquement,Petite,0.8351545426162972,228.78571428571428,2.497658445207618,3,4.158660088288756
C-052,Perches,Fort-Liberté,Non-connectée (H-Ile),Urbain,Urbaine-Non-connectée (H-Ile),2,3,0,0,0,1,6,12640,10325,6417,5247,6223,5078,3831,3113,3816,3138,2553,2117,39.64,1.89,22.34,7.6,62.34,4.01,99.96,72.58,17.73,9.03,81.82,40.15,Proche,Urbaine,Moyenne,Élevée,Moyenne,46.2,0.183,Faible,Nord-Est,Petite,Faible,Non,Caisse populaire uniquement,Grande,0.8168512658227848,318.8698284561049,4.746835443037974,3,4.9510379945162555
C-053,Ouanaminthe,Ouanaminthe,Connectée (RN),Urbain,Urbaine-Connectée (RN),7,14,4,1,3,0,29,116086,100503,57133,49496,58953,51007,32484,28165,34145,29588,23793,20781,199.06,3.14,14.5,2.37,55.02,3.43,64.29,65.8,17.5,10.04,96.15,39.13,Proche,Urbaine,Élevée,Moyenne,Élevée,53.1,0.392,Faible,Nord-Est,Grande,Faible,Oui,Pôle financier complet,Grande,0.8657633134055787,583.1709032452527,2.498147924814362,5,4.878998024629093
C-054,Capotille,Ouanaminthe,Non-connectée (H-Ile),Rural,Rurale-Non-connectée (H-Ile),1,1,0,0,0,0,2,21201,3972,10842,1959,10359,2013,6118,1141,5736,1095,3996,821,68.69,0.32,13.45,9.07,71.53,4.26,92.4,84.63,2.28,2.54,69.66,11.72,Proche,Rurale,Moyenne,Faible,Moyenne,68.3,0.76,Élevée,Nord-Est,Petite,Élevée,Non,Aucune institution formelle,Grande,0.18734965331823972,308.64754695006553,0.9433517286920429,2,5.305555555555555
C-055,Mont-Organisé,Ouanaminthe,Non-connectée (H-Ile),Rural,Rurale-Non-connectée (H-Ile),3,2,0,0,1,0,6,22941,11159,11520,5667,11421,5492,6697,3345,6726,3329,4702,2353,94.49,0.85,25.38,12.96,84.87,4.21,100.0,70.07,3.14,3.39,75.57,12.01,Proche,Mi-urbaine,Faible,Moyenne,Moyenne,56.6,0.477,Moyenne,Nord-Est,Petite,Moyenne,Non,Microfinance sans banque,Grande,0.48642169042325967,242.78759657106573,2.6154047338825683,3,4.878987664823479
C-056,Trou-du-Nord,Trou-du-Nord,Connectée (RN),Urbain,Urbaine-Connectée (RN),9,13,0,0,2,0,24,53524,42366,26230,20636,27294,21730,15129,12056,16722,13441,10964,8927,130.79,2.79,6.25,2.88,53.81,4.72,95.87,60.02,17.28,12.21,81.53,39.26,Proche,Urbaine,Moyenne,Élevée,Moyenne,64.9,0.701,Élevée,Nord-Est,Moyenne,Moyenne,Non,Microfinance sans banque,Grande,0.791532770346013,409.23618013609604,4.483969807936626,3,4.881794965341117
C-057,Sainte-Suzanne,Trou-du-Nord,Non-connectée (H-Ile),Rural,Rurale-Non-connectée (H-Ile),1,1,0,0,0,0,2,30658,7149,15924,3688,14734,3461,8965,2025,8766,2191,6548,1734,127.91,1.08,17.8,10.74,71.85,2.74,93.95,66.53,2.25,2.23,66.41,12.3,Éloigné,Rurale,Faible,Faible,Moyenne,42.0,0.21,Faible,Nord-Est,Petite,Faible,Non,Aucune institution formelle,Moyenne,0.23318546545762933,239.6841529200219,0.6523582751647204,2,4.682040317654246
C-058,Terrier-Rouge,Trou-du-Nord,Non-connectée (H-Ile),Urbain,Urbaine-Non-connectée (H-Ile),2,4,0,0,0,1,7,33168,30855,16686,15540,16482,15315,9934,9243,9984,9309,7424,6976,171.22,3.34,25.2,8.11,48.07,4.27,100.0,85.75,14.98,10.33,66.27,48.17,Proche,Urbaine,Faible,Moyenne,Moyenne,66.7,0.701,Élevée,Nord-Est,Petite,Élevée,Non,Caisse populaire uniquement,Moyenne,0.9302641099855282,193.71568741969395,2.1104679208876025,3,4.467672413793103
C-059,Caracol,Trou-du-Nord,Non-connectée (H-Ile),Urbain,Urbaine-Non-connectée (H-Ile),1,4,1,2,0,0,8,8436,5925,4441,3146,3995,2779,2638,1868,2428,1677,2098,1498,74.91,0.21,25.29,9.07,47.53,4.03,100.0,77.79,15.62,9.58,59.08,50.14,Proche,Urbaine,Faible,Élevée,Élevée,43.9,0.156,Faible,Nord-Est,Petite,Faible,Oui,Bancarisé,Petite,0.7023470839260313,112.61513816579897,9.48316737790422,4,4.020972354623451
C-060,Vallières,Vallières,Non-connectée (H-Ile),Rural,Rurale-Non-connectée (H-Ile),1,1,0,0,0,0,2,25743,10377,13291,5419,12452,4958,8095,3327,7358,2881,4874,1991,158.46,1.29,19.82,12.12,79.32,2.7,65.14,67.84,2.86,3.58,67.25,13.93,Éloigné,Mi-urbaine,Faible,Faible,Moyenne,65.2,0.689,Élevée,Nord-Est,Petite,Élevée,Non,Aucune institution formelle,Grande,0.4030998718098124,162.4574024990534,0.7769102280231519,2,5.28169881001231
C-061,Carice,Vallières,Non-connectée (H-Ile),Urbain,Urbaine-Non-connectée (H-Ile),2,1,0,0,0,1,4,14892,9365,7537,4720,7355,4645,3997,2427,4137,2555,3105,1954,55.97,0.93,21.08,7.3,60.64,3.79,69.53,69.45,10.83,8.77,84.71,36.54,Proche,Mi-urbaine,Faible,Moyenne,Moyenne,69.1,0.844,Élevée,Nord-Est,Petite,Élevée,Non,Caisse populaire uniquement,Moyenne,0.6288611334944937,266.07110952295875,2.686005909213,3,4.796135265700483
C-062,Mombin-Crochu,Vallières,Non-connectée (H-Ile),Rural,Rurale-Non-connectée (H-Ile),1,3,0,0,0,1,5,37956,14849,18962,7456,18994,7393,10296,4127,10565,4130,7782,3292,191.51,2.03,28.93,13.97,68.99,3.74,95.93,55.07,2.85,3.72,56.5,11.02,Proche,Mi-urbaine,Faible,Faible,Moyenne,74.7,0.93,Élevée,Nord-Est,Moyenne,Élevée,Non,Caisse populaire uniquement,Grande,0.3912161450100116,198.1933058325936,1.3173147855411529,3,4.877409406322283
C-063,Gonaïves,Gonaïves,Connectée (RN),Urbain,Urbaine-Connectée (RN),112,81,6,5,6,3,213,391173,358704,187450,171948,203723,186756,114631,105026,129038,118419,78955,71590,573.58,15.09,12.8,3.71,49.8,4.47,83.92,70.9,14.26,10.95,83.57,42.07,Proche,Urbaine,Élevée,Élevée,Élevée,43.2,0.162,Faible,Artibonite,Grande,Faible,Oui,Pôle financier complet,Grande,0.9169958049251865,681.9850761881515,5.445161092406685,6,4.9543790766892535
C-064,Ennery,Gonaïves,Non-connectée (H-Ile),Rural,Rurale-Non-connectée (H-Ile),1,7,0,0,0,0,8,56226,14725,28401,7335,27825,7390,17557,4402,17239,4613,13326,3492,216.89,0.54,32.07,12.68,85.0,3.64,100.0,52.99,2.93,2.48,70.56,10.84,Proche,Rurale,Faible,Faible,Moyenne,70.8,0.839,Élevée,Artibonite,Moyenne,Élevée,Non,Aucune institution formelle,Petite,0.2618895173051613,259.2374014477385,1.4228292960552058,2,4.219270598829356
C-065,Estère,Gonaïves,Non-connectée (H-Ile),Urbain,Urbaine-Non-connectée (H-Ile),6,8,0,0,1,0,15,49572,37266,24582,18521,24990,18745,15344,11738,16150,12268,13790,10886,176.24,1.31,23.59,9.28,63.16,3.97,88.6,80.12,13.73,9.88,56.83,37.91,Éloigné,Urbaine,Moyenne,Moyenne,Moyenne,52.3,0.335,Faible,Artibonite,Moyenne,Faible,Non,Microfinance sans banque,Petite,0.751755022996853,281.27553336359506,3.025901718712176,3,3.594778825235678
C-066,Gros-Morne,Gros-Morne,Non-connectée (H-Ile),Rural,Rurale-Non-connectée (H-Ile),9,12,0,0,2,3,26,170905,82196,85717,40562,85188,41634,51218,23734,53219,25825,36419,16880,397.03,2.12,25.47,14.0,96.53,4.33,66.01,73.39,2.8,2.64,60.39,8.55,Proche,Mi-urbaine,Élevée,Faible,Élevée,65.2,0.749,Élevée,Artibonite,Grande,Élevée,Non,Microfinance sans banque,Moyenne,0.4809455545478482,430.45865551721533,1.5213130101518388,4,4.692742799088388
C-067,Terre-Neuve,Gros-Morne,Non-connectée (H-Ile),Rural,Rurale-Non-connectée (H-Ile),1,2,0,0,0,0,3,34305,4685,17465,2601,16840,2084,10264,1610,10205,1314,7764,1344,176.83,0.11,29.82,13.8,93.3,4.2,75.31,97.78,2.98,2.43,74.28,11.15,Proche,Rurale,Faible,Faible,Moyenne,44.8,0.181,Faible,Artibonite,Petite,Faible,Non,Aucune institution formelle,Petite,0.13656901326337267,193.99988689701973,0.8745080891998251,2,4.418469860896445
C-068,Anse-Rouge,Gros-Morne,Non-connectée (H-Ile),Urbain,Urbaine-Non-connectée (H-Ile),2,5,0,0,0,1,8,47636,29562,23845,14776,23791,14786,13931,8375,14994,9323,11066,6883,434.35,1.6,24.06,8.85,49.12,2.17,54.64,60.12,16.0,11.16,88.88,37.16,Proche,Mi-urbaine,Faible,Faible,Moyenne,68.4,0.844,Élevée,Artibonite,Moyenne,Élevée,Non,Caisse populaire uniquement,Petite,0.6205810731379628,109.67192356394612,1.6794021328407087,3,4.304717151635641
C-069,Saint-Marc,Saint-Marc,Connectée (RN),Urbain,Urbaine-Connectée (RN),77,79,4,3,8,4,175,292716,237686,141508,113859,151208,123827,87295,69954,96516,79258,63127,49361,556.56,11.19,11.73,3.27,62.13,3.93,90.7,65.97,14.32,8.97,69.46,42.54,Proche,Urbaine,Élevée,Élevée,Élevée,74.0,0.951,Élevée,Artibonite,Grande,Élevée,Oui,Pôle financier complet,Moyenne,0.8120020770986212,525.9379042690815,5.978491097172686,6,4.636938235620257
C-070,Verrettes,Saint-Marc,Connectée (RN),Urbain,Urbaine-Connectée (RN),8,16,0,0,0,3,27,158965,93511,79060,46392,79905,47119,48531,28690,51899,31100,41201,24977,356.72,5.6,13.57,3.23,45.65,4.03,91.34,85.07,14.08,7.4,86.0,37.0,Proche,Mi-urbaine,Élevée,Faible,Moyenne,50.7,0.435,Moyenne,Artibonite,Grande,Faible,Non,Caisse populaire uniquement,Petite,0.5882489856257667,445.62962547656423,1.698487088352782,3,3.858280138831582
C-071,La Chapelle,Saint-Marc,Non-connectée (H-Ile),Rural,Rurale-Non-connectée (H-Ile),2,2,0,0,0,0,4,34635,14907,17595,7522,17040,7385,10480,4425,10414,4510,8587,3751,143.6,2.82,23.87,9.86,90.57,2.62,87.08,84.87,3.04,2.83,80.74,9.19,Moyen,Mi-urbaine,Faible,Faible,Moyenne,55.7,0.595,Moyenne,Artibonite,Petite,Moyenne,Non,Aucune institution formelle,Petite,0.43040277176266784,241.1908077994429,1.15490111159232,2,4.033422615581693
C-072,Dessalines,Dessalines,Connectée (RN),Rural,Rurale-Connectée (RN),9,20,0,0,1,2,32,199677,77145,100339,38537,99338,38608,60246,22336,61853,23481,46858,17479,474.29,2.22,25.29,21.77,78.69,3.92,100.0,60.0,2.14,2.19,78.16,11.39,Proche,Mi-urbaine,Élevée,Faible,Élevée,52.9,0.425,Moyenne,Artibonite,Grande,Faible,Non,Microfinance sans banque,Petite,0.3863489535599994,421.0019186573615,1.6025881799105555,4,4.261321439241965
C-073,Petite-Rivière-de-l'Artibonite,Dessalines,Non-connectée (H-Ile),Urbain,Urbaine-Non-connectée (H-Ile),7,13,0,0,3,2,25,187423,99556,94201,48831,93222,50725,57201,29383,59090,32216,46825,24910,506.71,4.2,22.69,6.45,54.23,4.51,100.0,74.42,16.07,9.76,82.8,42.95,Proche,Mi-urbaine,Moyenne,Faible,Élevée,67.3,0.683,Moyenne,Artibonite,Grande,Élevée,Non,Microfinance sans banque,Petite,0.531183472679447,369.88218112924557,1.3338811138440854,4,4.00262680192205
C-074,Grande-Saline,Dessalines,Non-connectée (H-Ile),Rural,Rurale-Non-connectée (H-Ile),1,1,0,0,0,0,2,25504,11314,13425,6412,12079,4902,10109,5619,9086,4279,5920,1835,51.97,0.26,21.33,10.39,57.07,2.97,90.62,72.02,3.0,2.59,65.09,11.96,Proche,Mi-urbaine,Élevée,Faible,Moyenne,51.5,0.378,Faible,Artibonite,Petite,Faible,Non,Aucune institution formelle,Petite,0.44361668757841904,490.74466038098905,0.7841907151819323,2,4.308108108108108
C-075,Desdunes,Dessalines,Non-connectée (H-Ile),Urbain,Urbaine-Non-connectée (H-Ile),6,6,0,0,0,1,13,40645,39127,20388,19694,20257,19433,13029,12601,13658,13129,11174,10803,99.49,6.12,26.87,9.68,56.31,3.99,63.22,75.05,15.09,9.56,76.07,55.77,Proche,Urbaine,Moyenne,Moyenne,Moyenne,57.5,0.455,Moyenne,Artibonite,Moyenne,Moyenne,Non,Caisse populaire uniquement,Petite,0.9626522327469553,408.5335209568801,3.198425390576947,3,3.6374619652765348
C-076,Saint-Michel-de-l'Attalaye,Marmelade,Non-connectée (H-Ile),Rural,Rurale-Non-connectée (H-Ile),6,19,0,0,2,1,28,165223,81951,81527,40141,83696,41810,47429,23484,49624,24770,37124,17986,613.74,7.46,24.12,13.29,59.99,3.06,100.0,64.45,3.43,3.9,74.91,11.46,Proche,Mi-urbaine,Moyenne,Faible,Élevée,52.9,0.326,Faible,Artibonite,Grande,Faible,Non,Microfinance sans banque,Petite,0.4960023725510371,269.2068302538534,1.694679312202296,4,4.450571059153108
C-077,Marmelade,Marmelade,Non-connectée (H-Ile),Rural,Rurale-Non-connectée (H-Ile),1,1,0,0,1,1,4,41775,20544,21190,10578,20585,9966,12578,6310,12610,6136,8275,3888,108.94,1.1,22.98,14.43,89.66,3.19,100.0,71.04,2.12,3.03,72.05,11.8,Proche,Mi-urbaine,Moyenne,Faible,Élevée,50.6,0.435,Moyenne,Artibonite,Moyenne,Faible,Non,Microfinance sans banque,Grande,0.49177737881508077,383.46796401689005,0.9575104727707959,4,5.04833836858006
C-078,Hinche,Hinche,Connectée (RN),Urbain,Urbaine-Connectée (RN),10,41,4,2,5,3,65,138051,74966,69428,37164,68623,37802,40779,22471,40513,23259,30089,16679,588.4,4.65,13.58,2.88,60.88,5.05,98.36,50.94,10.56,11.4,91.93,35.21,Proche,Mi-urbaine,Faible,Élevée,Élevée,68.7,0.815,Élevée,Centre,Grande,Élevée,Oui,Pôle financier complet,Moyenne,0.5430311986150046,234.62100611828689,4.708404864868781,6,4.588088670278175
C-079,Maïssade,Hinche,Non-connectée (H-Ile),Rural,Rurale-Non-connectée (H-Ile),1,9,0,0,1,1,12,67315,31272,34411,15817,32904,15455,19387,8658,18782,9040,14547,6876,288.43,7.65,24.8,9.76,68.94,3.26,100.0,73.46,3.12,2.2,71.38,8.88,Proche,Mi-urbaine,Faible,Moyenne,Élevée,67.1,0.705,Élevée,Centre,Grande,Élevée,Non,Microfinance sans banque,Moyenne,0.46456213325410384,233.3841833373782,1.782663596523806,4,4.62741458720011
C-080,Thomonde,Hinche,Non-connectée (H-Ile),Rural,Rurale-Non-connectée (H-Ile),5,14,0,0,1,1,21,70662,25398,36735,12844,33927,12554,20352,7045,19150,7088,15134,5491,359.91,5.55,26.22,11.37,81.85,3.8,76.75,76.86,3.0,2.71,78.6,13.61,Proche,Mi-urbaine,Faible,Moyenne,Élevée,56.8,0.53,Moyenne,Centre,Grande,Moyenne,Non,Microfinance sans banque,Moyenne,0.3594293962808865,196.33241643744267,2.97189437038295,4,4.669089467424342
C-081,Cerca-Carvajal,Hinche,Non-connectée (H-Ile),Rural,Rurale-Non-connectée (H-Ile),2,5,0,0,0,0,7,26561,11874,13288,6004,13273,5870,7137,3212,7271,3281,4901,2243,156.59,1.24,20.4,11.98,69.78,2.55,100.0,69.54,3.08,3.1,70.99,9.48,Proche,Mi-urbaine,Faible,Moyenne,Moyenne,51.5,0.399,Faible,Centre,Petite,Faible,Non,Aucune institution formelle,Grande,0.4470464214449757,169.62130404240372,2.6354429426602914,2,5.419506223219751
C-082,Mirebalais,Mirebalais,Connectée (RN),Rural,Rurale-Connectée (RN),14,28,1,1,5,3,52,111654,42210,56132,20912,55522,21298,34273,12679,33764,13120,26617,10222,330.87,2.1,26.83,19.93,70.56,4.95,80.47,50.77,2.79,2.54,78.24,9.28,Proche,Mi-urbaine,Moyenne,Élevée,Élevée,71.5,0.814,Élevée,Centre,Grande,Élevée,Oui,Pôle financier complet,Petite,0.3780428824762212,337.45579834980504,4.657244702384151,6,4.194837885561859
C-083,Saut-d'Eau,Mirebalais,Non-connectée (H-Ile),Rural,Rurale-Non-connectée (H-Ile),4,6,0,0,1,1,12,44616,12615,23033,6612,21583,6003,13391,3605,12868,3496,10314,2929,179.41,2.15,27.98,13.81,87.4,3.87,100.0,82.68,3.3,3.41,79.14,10.94,Éloigné,Rurale,Faible,Moyenne,Élevée,45.5,0.187,Faible,Centre,Moyenne,Faible,Non,Microfinance sans banque,Petite,0.28274610005379236,248.68179031269162,2.6896180742334588,4,4.325770796974986
C-084,Boucan-Carré,Mirebalais,Non-connectée (H-Ile),Rural,Rurale-Non-connectée (H-Ile),1,6,0,0,1,0,8,63982,9957,33091,5147,30891,4810,19110,2724,17990,2691,15134,2314,353.63,4.41,22.52,11.16,77.85,3.45,69.46,75.94,3.42,2.46,61.55,10.85,Éloigné,Rurale,Faible,Faible,Moyenne,71.2,0.86,Élevée,Centre,Grande,Élevée,Non,Microfinance sans banque,Petite,0.1556218936575912,180.92921980601193,1.25035166140477,3,4.227699220298665
C-085,Lascahobas,Lascahobas,Non-connectée (H-Ile),Rural,Rurale-Non-connectée (H-Ile),10,20,0,0,1,3,34,52396,22307,26201,10866,26195,11441,15242,6264,14990,6519,11156,4607,151.68,0.85,18.9,12.42,98.73,3.86,80.02,64.16,3.22,2.87,51.01,9.51,Proche,Mi-urbaine,Moyenne,Élevée,Élevée,50.0,0.324,Faible,Centre,Moyenne,Faible,Non,Microfinance sans banque,Moyenne,0.42573860600045804,345.43776371308013,6.489044965264524,4,4.69666547149516
C-086,Belladère,Lascahobas,Non-connectée (H-Ile),Rural,Rurale-Non-connectée (H-Ile),3,1,0,0,1,0,5,98916,35827,50514,17816,48402,18011,29178,10008,27207,9862,21062,7410,296.65,3.22,25.6,10.05,72.64,2.8,100.0,68.97,2.88,2.74,86.21,10.5,Proche,Mi-urbaine,Moyenne,Faible,Moyenne,65.6,0.744,Élevée,Centre,Grande,Élevée,Non,Microfinance sans banque,Moyenne,0.36219620688260745,333.44345187931907,0.5054793966597921,3,4.696420093058589
C-087,Savanette,Lascahobas,Non-connectée (H-Ile),Rural,Rurale-Non-connectée (H-Ile),1,3,0,0,0,1,5,41346,11613,20884,5660,20462,5953,12648,3001,12210,3234,9482,2633,174.83,1.13,25.67,12.6,90.04,4.18,89.36,55.79,2.05,3.07,72.69,13.03,Proche,Rurale,Faible,Faible,Moyenne,74.7,0.937,Élevée,Centre,Moyenne,Élevée,Non,Caisse populaire uniquement,Petite,0.2808736032506167,236.49259280443857,1.2093068253277222,3,4.360472474161569
C-088,Cerca-la-Source,Cerca-la-Source,Non-connectée (H-Ile),Rural,Rurale-Non-connectée (H-Ile),0,10,0,0,0,0,10,64567,18472,32667,9206,31900,9266,17409,4865,17030,5064,12702,3731,345.0,1.25,18.49,11.81,79.44,3.38,100.0,60.93,3.35,2.71,52.0,9.67,Éloigné,Rurale,Faible,Faible,Faible,50.7,0.392,Faible,Centre,Grande,Faible,Non,Aucune institution formelle,Grande,0.2860904177056391,187.15072463768115,1.5487787879257207,1,5.083215241694221
C-089,Thomassique,Cerca-la-Source,Non-connectée (H-Ile),Rural,Rurale-Non-connectée (H-Ile),3,9,0,0,1,0,13,72214,30304,36211,15144,36003,15160,18946,7946,19147,8228,14428,6088,262.01,1.86,24.83,10.47,87.65,3.44,96.31,66.19,3.55,2.88,62.5,8.7,Proche,Mi-urbaine,Moyenne,Moyenne,Moyenne,71.6,0.782,Élevée,Centre,Grande,Élevée,Non,Microfinance sans banque,Grande,0.419641620738361,275.6154345253998,1.8002049464092835,3,5.005128915996673
C-090,Les Cayes,Les Cayes,Connectée (RN),Urbain,Urbaine-Connectée (RN),43,98,5,3,6,7,162,187242,153560,90108,72679,97134,80881,58795,47450,64215,53875,38738,31647,219.11,11.51,15.32,2.89,46.27,3.83,92.52,79.35,16.45,10.61,93.73,47.94,Proche,Urbaine,Élevée,Élevée,Élevée,57.3,0.548,Moyenne,Sud,Grande,Moyenne,Oui,Pôle financier complet,Moyenne,0.820115145106333,854.5570717904249,8.651905021309322,6,4.833548453714699
C-091,Torbeck,Les Cayes,Non-connectée (H-Ile),Rural,Rurale-Non-connectée (H-Ile),1,11,0,0,0,0,12,93788,18411,48320,9289,45468,9122,30114,5804,28431,5625,18903,3632,189.48,3.81,25.35,11.47,77.72,3.24,100.0,65.09,2.6,2.67,67.06,11.81,Proche,Rurale,Élevée,Faible,Moyenne,78.3,0.994,Élevée,Sud,Grande,Élevée,Non,Aucune institution formelle,Grande,0.19630443127052502,494.97572303145455,1.2794813835458694,2,4.961540496217531
C-092,Chantal,Les Cayes,Non-connectée (H-Ile),Rural,Rurale-Non-connectée (H-Ile),1,1,0,0,0,0,2,42059,13626,21708,6831,20351,6795,13236,4073,12625,4338,8764,2904,160.36,2.89,26.28,11.32,76.94,3.92,89.7,78.91,3.3,3.22,64.62,9.98,Moyen,Mi-urbaine,Faible,Faible,Moyenne,63.2,0.626,Moyenne,Sud,Moyenne,Moyenne,Non,Aucune institution formelle,Moyenne,0.32397346584559783,262.2786230980294,0.4755224803252574,2,4.799064354176175
C-093,Camp-Perrin,Les Cayes,Non-connectée (H-Ile),Rural,Rurale-Non-connectée (H-Ile),2,17,0,0,1,3,23,55523,15997,28669,7967,26854,8030,18335,5085,16884,5169,11440,3420,133.77,2.74,18.94,14.94,68.48,3.69,68.16,66.19,3.39,3.11,84.71,8.39,Proche,Rurale,Élevée,Élevée,Élevée,45.7,0.223,Faible,Sud,Moyenne,Faible,Non,Microfinance sans banque,Grande,0.288114835293482,415.0631681243926,4.142427462493021,4,4.853409090909091
C-094,Maniche,Les Cayes,Non-connectée (H-Ile),Rural,Rurale-Non-connectée (H-Ile),1,2,0,0,0,1,4,29493,4001,15471,1982,14022,2019,9265,1196,8873,1301,6614,942,124.81,0.37,25.19,11.63,86.08,3.9,81.79,74.68,3.7,2.96,59.0,9.77,Proche,Rurale,Faible,Faible,Moyenne,48.7,0.159,Faible,Sud,Petite,Faible,Non,Caisse populaire uniquement,Moyenne,0.13565930898857356,236.303180834869,1.3562540263791407,3,4.4591775022679165
C-095,Île-à-Vache,Les Cayes,Non-connectée (H-Ile),Rural,Rurale-Non-connectée (H-Ile),1,2,0,0,0,0,3,18973,6414,10014,3361,8959,3053,5705,1877,5039,1679,3433,1127,45.96,1.3,22.91,11.37,85.94,3.55,100.0,70.47,2.61,2.81,61.62,10.91,Moyen,Mi-urbaine,Moyenne,Faible,Moyenne,44.1,0.286,Faible,Sud,Petite,Faible,Non,Aucune institution formelle,Grande,0.338059347493807,412.8154917319408,1.5811943287830075,2,5.526653073113895
C-096,Port-Salut,Port-Salut,Non-connectée (H-Ile),Rural,Rurale-Non-connectée (H-Ile),2,9,0,0,0,1,12,23540,7387,12191,3619,11349,3768,7502,2195,7113,2479,4986,1642,48.79,2.88,22.26,8.09,85.27,3.82,98.52,81.43,2.9,3.36,72.22,12.92,Proche,Mi-urbaine,Élevée,Élevée,Moyenne,73.5,0.818,Élevée,Sud,Petite,Élevée,Non,Caisse populaire uniquement,Moyenne,0.31380628717077313,482.4759171961468,5.097706032285472,3,4.721219414360209
C-097,Saint-Jean-du-Sud,Port-Salut,Non-connectée (H-Ile),Rural,Rurale-Non-connectée (H-Ile),1,5,0,0,0,0,6,31494,4209,16798,2180,14696,2029,10437,1464,9230,1442,6571,935,69.29,0.3,27.13,10.22,96.35,3.33,71.14,66.22,3.34,2.89,74.1,9.29,Proche,Rurale,Élevée,Moyenne,Moyenne,76.0,0.895,Élevée,Sud,Petite,Élevée,Non,Aucune institution formelle,Moyenne,0.13364450371499334,454.5244624043873,1.9051247856734617,2,4.792877796378025
C-098,Arniquet,Port-Salut,Non-connectée (H-Ile),Rural,Rurale-Non-connectée (H-Ile),1,0,0,0,0,1,2,35951,6729,19012,3589,16939,3140,11643,2145,10648,1998,7354,1359,59.29,0.7,29.33,11.33,95.32,4.74,82.9,55.02,3.03,2.86,75.21,10.86,Proche,Rurale,Élevée,Faible,Moyenne,74.4,0.976,Élevée,Sud,Petite,Élevée,Non,Caisse populaire uniquement,Grande,0.18717142777669607,606.3585764884466,0.5563127590331284,2,4.888632036986674
C-099,Aquin,Aquin,Connectée (RN),Rural,Rurale-Connectée (RN),38,46,0,0,3,0,87,128543,43159,64276,20856,64267,22303,40269,12940,40923,13949,28789,9198,638.59,3.92,40.36,17.67,73.52,2.96,85.8,53.11,2.5,3.05,79.57,12.11,Éloigné,Mi-urbaine,Faible,Élevée,Moyenne,68.1,0.797,Élevée,Sud,Grande,Élevée,Non,Microfinance sans banque,Moyenne,0.33575535034968845,201.29190873643495,6.768163182748185,3,4.465003994581264
C-100,Saint-Louis-du-Sud,Aquin,Non-connectée (H-Ile),Rural,Rurale-Non-connectée (H-Ile),5,11,0,0,0,1,17,80083,12104,39962,5701,40121,6403,23050,3322,24296,4232,15994,2428,185.71,0.64,28.73,14.25,82.68,4.22,87.9,66.26,3.19,3.76,72.09,7.07,Moyen,Rurale,Élevée,Moyenne,Moyenne,61.4,0.497,Moyenne,Sud,Grande,Moyenne,Non,Caisse populaire uniquement,Grande,0.15114318894147322,431.2261052178127,2.1227975974926014,3,5.007065149431036
C-101,Cavaillon,Aquin,Non-connectée (H-Ile),Rural,Rurale-Non-connectée (H-Ile),4,13,0,0,0,1,18,60012,8346,31031,4171,28981,4175,19796,2631,18775,2842,13995,1920,214.97,0.48,23.6,11.51,70.98,4.28,73.81,58.51,3.26,2.4,75.14,12.71,Proche,Rurale,Moyenne,Moyenne,Moyenne,65.1,0.663,Moyenne,Sud,Moyenne,Moyenne,Non,Caisse populaire uniquement,Petite,0.13907218556288742,279.16453458622135,2.9994001199760048,3,4.288102893890676
C-102,Côteaux,Côteaux,Non-connectée (H-Ile),Urbain,Urbaine-Non-connectée (H-Ile),2,4,0,0,1,1,8,26261,16066,13456,8191,12805,7875,7945,4802,7834,4851,5630,3576,74.36,1.51,24.85,9.67,58.0,3.31,84.23,76.43,15.2,12.27,80.73,34.55,Éloigné,Mi-urbaine,Moyenne,Moyenne,Élevée,58.8,0.54,Moyenne,Sud,Petite,Moyenne,Non,Microfinance sans banque,Moyenne,0.6117817295609459,353.1603012372243,3.046342485053882,4,4.664476021314387
C-103,Port-à-Piment,Côteaux,Non-connectée (H-Ile),Urbain,Urbaine-Non-connectée (H-Ile),1,2,0,0,0,2,5,23336,16946,11732,8484,11604,8462,6637,4809,6862,5053,4641,3436,60.28,3.38,26.31,8.17,52.6,5.07,82.84,66.97,15.49,7.88,84.79,44.09,Éloigné,Urbaine,Moyenne,Moyenne,Moyenne,78.2,0.936,Élevée,Sud,Petite,Élevée,Non,Caisse populaire uniquement,Grande,0.72617415152554,387.1267418712674,2.142612272883099,3,5.028226675285499
C-104,Roche-à-Bateau,Côteaux,Non-connectée (H-Ile),Rural,Rurale-Non-connectée (H-Ile),1,4,0,0,0,0,5,22675,9902,11650,5090,11025,4812,6519,2710,6450,2818,4421,1877,46.54,0.97,24.44,11.87,97.33,4.08,100.0,97.65,2.88,3.1,71.13,11.41,Proche,Mi-urbaine,Élevée,Moyenne,Moyenne,66.0,0.66,Moyenne,Sud,Petite,Élevée,Non,Aucune institution formelle,Grande,0.4366923925027563,487.21529866781265,2.2050716648291067,2,5.128930106310789
C-105,Chardonnières,Chardonnières,Non-connectée (H-Ile),Urbain,Urbaine-Non-connectée (H-Ile),1,10,0,0,0,1,12,31100,19169,16380,10017,14720,9152,9289,5658,8503,5356,6077,3907,117.04,2.22,24.06,7.99,60.95,4.35,100.0,53.23,18.33,13.6,86.71,48.83,Moyen,Mi-urbaine,Faible,Élevée,Moyenne,48.9,0.243,Faible,Sud,Petite,Faible,Non,Caisse populaire uniquement,Grande,0.6163665594855305,265.72112098427885,3.8585209003215435,3,5.117656738522297
C-106,Les Anglais,Chardonnières,Non-connectée (H-Ile),Urbain,Urbaine-Non-connectée (H-Ile),1,3,0,0,0,0,4,36843,22289,19083,11349,17760,10940,10858,6293,10191,6263,6723,4080,118.04,1.5,26.52,8.1,55.91,3.82,90.97,74.2,12.97,11.81,93.73,45.47,Proche,Mi-urbaine,Moyenne,Faible,Moyenne,64.5,0.728,Élevée,Sud,Petite,Moyenne,Non,Aucune institution formelle,Grande,0.6049724506690551,312.12300914944086,1.0856879190076814,2,5.480142793395806
C-107,Tiburon,Chardonnières,Non-connectée (H-Ile),Urbain,Urbaine-Non-connectée (H-Ile),1,1,0,0,0,0,2,28691,19790,14911,10052,13780,9738,8534,5547,8215,5759,5774,4005,147.21,2.13,23.39,10.19,68.15,3.68,87.53,59.82,13.68,11.28,90.99,27.02,Proche,Mi-urbaine,Faible,Faible,Moyenne,65.7,0.683,Moyenne,Sud,Petite,Élevée,Non,Aucune institution formelle,Grande,0.6897633404203408,194.89844439915765,0.6970827088634066,2,4.9689989608590235
C-108,Jérémie,Jérémie,Connectée (RN),Urbain,Urbaine-Connectée (RN),11,44,3,1,3,1,63,163731,95137,82585,46251,81146,48886,51565,28264,51584,31221,34458,19901,427.22,5.37,12.29,1.96,33.45,4.0,95.97,62.04,15.02,10.08,84.56,37.06,Proche,Mi-urbaine,Moyenne,Élevée,Élevée,70.9,0.764,Élevée,Grand'Anse,Grande,Élevée,Oui,Pôle financier complet,Moyenne,0.5810567333003525,383.2475071391789,3.847774703629734,6,4.751610656451332
C-109,Abricots,Jérémie,Non-connectée (H-Ile),Rural,Rurale-Non-connectée (H-Ile),1,5,0,0,0,1,7,45904,4051,23974,2104,21930,1947,13541,1076,12719,1102,8831,856,102.89,0.15,22.51,8.26,54.64,3.76,81.61,73.53,3.4,3.01,61.5,11.23,Moyen,Rurale,Élevée,Faible,Moyenne,51.5,0.328,Faible,Grand'Anse,Moyenne,Faible,Non,Caisse populaire uniquement,Grande,0.08824939003136982,446.1463699096122,1.5249215754618335,3,5.198052315706035
C-110,Bonbon,Jérémie,Non-connectée (H-Ile),Rural,Rurale-Non-connectée (H-Ile),1,1,0,0,0,0,2,10487,4136,5592,2156,4895,1980,3350,1237,2968,1192,2264,906,31.88,0.42,26.28,10.84,87.65,4.3,77.0,46.89,2.33,2.89,70.71,10.68,Proche,Mi-urbaine,Moyenne,Moyenne,Moyenne,57.8,0.484,Moyenne,Grand'Anse,Petite,Moyenne,Non,Aucune institution formelle,Moyenne,0.39439305807189856,328.952321204517,1.9071231047964148,2,4.632067137809187
C-111,Moron,Jérémie,Non-connectée (H-Ile),Rural,Rurale-Non-connectée (H-Ile),1,2,0,0,0,0,3,37966,9774,19646,5142,18320,4632,11636,2899,10862,2711,7530,1995,182.9,0.85,24.01,11.83,79.01,3.65,79.88,74.56,2.41,2.65,69.71,11.79,Proche,Rurale,Faible,Faible,Moyenne,75.4,0.93,Élevée,Grand'Anse,Moyenne,Élevée,Non,Aucune institution formelle,Grande,0.2574408681451825,207.5779114270093,0.7901806879839857,2,5.0419654714475435
C-112,Chambellan,Jérémie,Non-connectée (H-Ile),Rural,Rurale-Non-connectée (H-Ile),1,5,0,0,0,0,6,32251,11537,16334,5964,15917,5573,9229,3180,9321,3413,6074,2290,73.13,0.21,25.22,13.02,81.24,3.06,84.14,92.55,2.08,2.87,72.03,12.3,Proche,Mi-urbaine,Élevée,Moyenne,Moyenne,78.4,0.906,Élevée,Grand'Anse,Petite,Élevée,Non,Aucune institution formelle,Grande,0.3577253418498651,441.00916176671683,1.8604074292270008,2,5.309680605861047
C-113,Anse-d'Hainault,Anse-d'Hainault,Non-connectée (H-Ile),Urbain,Urbaine-Non-connectée (H-Ile),3,7,0,0,1,2,13,44354,27482,23069,14112,21285,13370,13088,7838,12504,7906,8719,5592,94.03,1.39,25.97,8.67,46.3,4.27,76.77,67.1,15.07,11.33,100.0,45.83,Éloigné,Mi-urbaine,Élevée,Moyenne,Élevée,66.2,0.625,Moyenne,Grand'Anse,Moyenne,Élevée,Non,Microfinance sans banque,Grande,0.6196058980024349,471.70052111028394,2.9309645127835147,4,5.087051267347173
C-114,Dame-Marie,Anse-d'Hainault,Non-connectée (H-Ile),Urbain,Urbaine-Non-connectée (H-Ile),5,4,0,0,0,1,10,47226,24774,24085,12299,23141,12475,14511,7223,14248,7636,9771,5238,102.16,1.86,22.27,7.63,57.6,4.33,95.26,74.81,12.48,9.73,77.4,40.65,Proche,Mi-urbaine,Élevée,Moyenne,Moyenne,42.9,0.181,Faible,Grand'Anse,Moyenne,Faible,Non,Caisse populaire uniquement,Moyenne,0.52458391563969,462.27486296006265,2.1174776606106804,3,4.833282161498311
C-115,Les Irois,Anse-d'Hainault,Non-connectée (H-Ile),Urbain,Urbaine-Non-connectée (H-Ile),2,3,0,0,0,0,5,28470,16949,15230,9001,13240,7948,8523,4879,7647,4680,5850,3600,130.33,1.92,26.28,9.34,75.17,4.17,100.0,83.07,14.13,9.67,89.32,30.37,Proche,Mi-urbaine,Faible,Moyenne,Moyenne,46.7,0.178,Faible,Grand'Anse,Petite,Faible,Non,Aucune institution formelle,Grande,0.5953284158763611,218.4454845392465,1.7562346329469618,2,4.866666666666666
C-116,Corail,Corail,Connectée (RN),Rural,Rurale-Connectée (RN),2,8,0,0,0,0,10,23841,10396,12405,5336,11436,5060,7386,2973,6948,2946,5329,2365,108.51,0.53,33.61,22.74,87.53,4.3,71.62,65.35,3.3,2.39,81.22,10.25,Éloigné,Mi-urbaine,Faible,Élevée,Moyenne,63.7,0.67,Moyenne,Grand'Anse,Petite,Moyenne,Non,Aucune institution formelle,Moyenne,0.4360555345832809,219.71246889687586,4.194454930581771,2,4.473822480765622
C-117,Roseaux,Corail,Non-connectée (H-Ile),Rural,Rurale-Non-connectée (H-Ile),1,11,0,0,0,0,12,43563,6119,22836,3058,20727,3061,14104,1582,12911,1646,10570,1202,216.81,2.17,19.55,12.13,80.29,3.41,93.35,65.73,2.71,3.18,71.03,11.69,Éloigné,Rurale,Faible,Moyenne,Moyenne,76.2,0.956,Élevée,Grand'Anse,Moyenne,Élevée,Non,Aucune institution formelle,Petite,0.1404632371507931,200.92707900927078,2.754631223744921,2,4.121381267738884
C-118,Beaumont,Corail,Non-connectée (H-Ile),Rural,Rurale-Non-connectée (H-Ile),2,8,0,0,1,1,12,38487,14597,19727,7351,18760,7246,12238,4595,11799,4666,8636,3227,155.34,1.51,29.19,13.5,73.14,3.06,89.93,47.42,3.1,3.25,94.55,9.2,Proche,Mi-urbaine,Faible,Moyenne,Élevée,67.4,0.658,Moyenne,Grand'Anse,Moyenne,Élevée,Non,Microfinance sans banque,Petite,0.3792709226492062,247.759752800309,3.117935926416712,4,4.456577119036591
C-119,Pestel,Corail,Non-connectée (H-Ile),Rural,Rurale-Non-connectée (H-Ile),2,17,0,0,0,1,20,54407,14768,28658,7776,25749,6992,17544,4810,15744,4431,12098,3368,286.77,0.29,22.2,12.28,73.67,3.09,97.76,78.92,2.87,3.1,66.03,12.04,Proche,Rurale,Faible,Élevée,Moyenne,61.6,0.546,Moyenne,Grand'Anse,Moyenne,Moyenne,Non,Caisse populaire uniquement,Moyenne,0.27143566085246384,189.7234717718032,3.6759975738416015,3,4.497189618118697
C-120,Port-de-Paix,Port-de-Paix,Non-connectée (H-Ile),Urbain,Urbaine-Non-connectée (H-Ile),35,60,4,1,4,3,107,223073,182659,107632,88011,115441,94648,64585,53671,70941,58900,45137,37244,351.75,7.82,17.74,7.42,39.34,2.87,92.82,70.78,16.51,12.59,88.08,47.72,Proche,Urbaine,Élevée,Élevée,Élevée,56.2,0.588,Moyenne,Nord-Ouest,Grande,Moyenne,Oui,Pôle financier complet,Grande,0.8188306070210201,634.18052594172,4.796636078772419,6,4.94213173228172
C-121,La Tortue,Port-de-Paix,Non-connectée (H-Ile),Rural,Rurale-Non-connectée (H-Ile),4,8,0,0,0,0,12,42504,7152,21443,3754,21061,3398,11351,2094,12105,2085,8450,1365,179.94,3.84,20.24,13.04,81.33,3.68,72.72,61.06,3.21,3.04,61.61,11.21,Proche,Rurale,Faible,Moyenne,Moyenne,51.2,0.444,Moyenne,Nord-Ouest,Moyenne,Faible,Non,Aucune institution formelle,Grande,0.16826651609260304,236.2120706902301,2.82326369282891,2,5.0300591715976335
C-122,Bassin-Bleu,Port-de-Paix,Non-connectée (H-Ile),Rural,Rurale-Non-connectée (H-Ile),2,7,0,0,0,0,9,69383,19202,34588,9369,34795,9833,19341,5362,20798,5793,13596,3839,214.83,1.79,20.32,12.0,88.23,3.51,75.39,73.37,2.69,3.18,66.31,5.94,Proche,Rurale,Moyenne,Faible,Moyenne,78.2,0.925,Élevée,Nord-Ouest,Grande,Élevée,Non,Aucune institution formelle,Grande,0.27675367164867476,322.96699716054553,1.2971477162993816,2,5.103192115328038
C-123,Chansolme,Port-de-Paix,Non-connectée (H-Ile),Rural,Rurale-Non-connectée (H-Ile),2,3,0,0,0,0,5,33205,7948,16135,4143,17070,3805,8692,2320,9958,2243,6585,1665,53.19,0.69,24.19,11.8,59.79,3.32,93.41,65.7,2.92,3.14,72.61,8.89,Proche,Rurale,Élevée,Faible,Moyenne,49.6,0.342,Faible,Nord-Ouest,Petite,Faible,Non,Aucune institution formelle,Grande,0.23936154193645534,624.2714796014288,1.505797319680771,2,5.042520880789674
C-124,Saint-Louis-du-Nord,Saint-Louis-du-Nord,Non-connectée (H-Ile),Urbain,Urbaine-Non-connectée (H-Ile),9,25,0,0,0,2,36,127244,78074,61589,37160,65655,40914,35062,21070,39924,25064,23785,14534,125.6,2.91,22.63,9.89,52.07,2.12,100.0,66.29,17.35,10.85,94.66,53.88,Éloigné,Mi-urbaine,Élevée,Moyenne,Moyenne,46.2,0.22,Faible,Nord-Ouest,Grande,Faible,Non,Caisse populaire uniquement,Grande,0.6135770645374241,1013.0891719745223,2.8292100216906104,3,5.349758250998528
C-125,Anse-à-Foleur,Saint-Louis-du-Nord,Non-connectée (H-Ile),Rural,Rurale-Non-connectée (H-Ile),3,3,0,0,0,0,6,33045,15998,16469,7704,16576,8294,8800,3850,9617,4805,6354,3238,62.14,0.56,22.79,7.46,64.71,2.89,62.11,78.55,3.18,2.76,73.35,10.1,Éloigné,Mi-urbaine,Élevée,Moyenne,Moyenne,48.0,0.258,Faible,Nord-Ouest,Petite,Faible,Non,Aucune institution formelle,Grande,0.4841277046451808,531.7830704859994,1.8157058556513845,2,5.200661000944287
C-126,Môle-Saint-Nicolas,Môle-Saint-Nicolas,Non-connectée (H-Ile),Rural,Rurale-Non-connectée (H-Ile),3,5,0,0,0,1,9,37029,11156,19086,5912,17943,5244,10850,3448,10483,2982,7242,2299,227.07,0.46,26.23,9.29,66.96,4.15,97.82,57.55,2.37,4.0,83.22,7.73,Moyen,Mi-urbaine,Faible,Moyenne,Moyenne,53.8,0.358,Faible,Nord-Ouest,Moyenne,Moyenne,Non,Caisse populaire uniquement,Grande,0.3012773771908504,163.07306117056416,2.430527424451106,3,5.113090306545153
C-127,Baie-de-Henne,Môle-Saint-Nicolas,Non-connectée (H-Ile),Rural,Rurale-Non-connectée (H-Ile),2,2,0,0,0,2,6,29834,7456,15303,3831,14531,3625,8286,2106,8281,2126,6202,1736,203.72,0.73,25.22,9.7,78.93,3.2,100.0,83.31,3.3,2.8,69.0,13.04,Éloigné,Rurale,Faible,Moyenne,Moyenne,70.2,0.874,Élevée,Nord-Ouest,Petite,Élevée,Non,Caisse populaire uniquement,Moyenne,0.24991620298987732,146.4461024936187,2.0111282429442916,3,4.81038374717833
C-128,Bombardopolis,Môle-Saint-Nicolas,Non-connectée (H-Ile),Rural,Rurale-Non-connectée (H-Ile),5,4,0,0,0,0,9,39397,9740,20198,4753,19199,4987,11563,2690,11467,3160,9017,2455,196.51,0.39,25.14,11.16,53.82,3.74,90.87,56.9,2.51,2.7,66.51,11.02,Proche,Rurale,Faible,Moyenne,Moyenne,62.0,0.539,Moyenne,Nord-Ouest,Moyenne,Moyenne,Non,Aucune institution formelle,Petite,0.24722694621417873,200.48343595745766,2.284437901363048,2,4.369191527115449
C-129,Jean-Rabel,Môle-Saint-Nicolas,Non-connectée (H-Ile),Rural,Rurale-Non-connectée (H-Ile),11,22,0,0,1,4,38,162299,37716,81928,18389,80371,19327,49515,11175,49259,12118,33846,8013,488.13,1.82,25.48,11.35,85.51,2.81,100.0,64.84,3.64,3.2,98.39,12.82,Éloigné,Rurale,Moyenne,Moyenne,Élevée,60.4,0.464,Moyenne,Nord-Ouest,Grande,Moyenne,Non,Microfinance sans banque,Moyenne,0.23238590502714127,332.4913445188782,2.3413576177302384,4,4.795219523725108
C-130,Miragoâne,Miragoâne,Connectée (RN),Urbain,Urbaine-Connectée (RN),16,25,1,2,2,0,46,73607,36941,36823,17836,36784,19105,23036,11071,23158,11964,18112,9223,185.87,3.78,15.08,2.32,55.21,5.02,84.09,86.33,17.3,11.42,88.97,43.74,Proche,Mi-urbaine,Moyenne,Élevée,Élevée,72.0,0.779,Élevée,Nippes,Grande,Élevée,Oui,Pôle financier complet,Petite,0.5018680288559512,396.0133426588476,6.249405627182198,5,4.063990724381625
C-131,Petite-Rivière-de-Nippes,Miragoâne,Non-connectée (H-Ile),Rural,Rurale-Non-connectée (H-Ile),3,10,0,0,1,1,15,33595,10615,17513,5425,16082,5190,10593,3208,9953,3150,7787,2341,93.7,1.7,16.41,10.06,75.35,3.47,91.33,84.18,3.13,2.37,62.45,11.76,Proche,Mi-urbaine,Moyenne,Élevée,Élevée,46.8,0.268,Faible,Nippes,Petite,Faible,Non,Microfinance sans banque,Petite,0.31596963833903857,358.5378868729989,4.464950141390087,4,4.314241684859381
C-132,Fonds-des-Nègres,Miragoâne,Non-connectée (H-Ile),Rural,Rurale-Non-connectée (H-Ile),2,19,1,0,2,2,26,39339,14200,19459,6710,19880,7490,12139,4091,12509,4653,9094,3409,92.23,3.36,22.69,10.28,49.16,3.7,70.39,73.05,3.07,3.51,62.71,11.6,Proche,Mi-urbaine,Élevée,Élevée,Élevée,61.0,0.589,Moyenne,Nippes,Moyenne,Moyenne,Oui,Bancarisé,Petite,0.3609649457281578,426.5314973435975,6.609217316149368,5,4.325819221464702
C-133,Paillant,Miragoâne,Non-connectée (H-Ile),Rural,Rurale-Non-connectée (H-Ile),2,21,3,0,2,1,29,20403,3544,10226,1842,10177,1702,6416,1141,6434,1071,4588,808,63.27,1.79,16.15,16.15,66.6,4.79,60.3,61.84,2.91,2.96,60.1,12.15,Proche,Rurale,Moyenne,Élevée,Élevée,54.6,0.435,Moyenne,Nippes,Petite,Moyenne,Oui,Bancarisé,Petite,0.17369994608635986,322.47510668563297,14.21359603979807,5,4.447035745422842
C-134,Anse-à-Veau,Anse-à-Veau,Connectée (RN),Rural,Rurale-Connectée (RN),2,4,0,0,0,0,6,40724,16107,21310,8409,19414,7698,13260,5362,12273,4966,9773,4155,103.23,10.64,31.97,25.02,92.31,4.75,100.0,61.68,3.31,2.5,79.83,14.76,Proche,Mi-urbaine,Moyenne,Faible,Moyenne,62.8,0.721,Élevée,Nippes,Moyenne,Moyenne,Non,Aucune institution formelle,Petite,0.39551615754837444,394.49772352998156,1.4733326785188094,2,4.166990688631945
C-135,Petit-Trou-de-Nippes,Anse-à-Veau,Non-connectée (H-Ile),Urbain,Urbaine-Non-connectée (H-Ile),2,4,0,0,0,0,6,35270,17832,19066,9524,16204,8308,11793,5571,10231,5316,8496,4422,153.19,18.46,23.58,7.6,33.71,3.63,79.26,72.79,14.17,12.96,79.41,48.12,Éloigné,Mi-urbaine,Faible,Faible,Moyenne,62.2,0.635,Moyenne,Nippes,Petite,Moyenne,Non,Aucune institution formelle,Petite,0.505585483413666,230.2369606371173,1.7011624610150269,2,4.1513653483992465
C-136,L'Asile,Anse-à-Veau,Non-connectée (H-Ile),Rural,Rurale-Non-connectée (H-Ile),10,12,0,0,0,1,23,48332,11287,24992,5981,23340,5306,15693,3971,14738,3213,10934,2777,153.82,10.01,27.76,11.16,74.22,3.23,86.65,72.41,3.11,3.28,71.34,8.39,Proche,Rurale,Moyenne,Élevée,Moyenne,54.4,0.429,Moyenne,Nippes,Moyenne,Moyenne,Non,Caisse populaire uniquement,Petite,0.23353058015393527,314.2114159407099,4.758751965571465,3,4.420340223157124
C-137,Arnaud,Anse-à-Veau,Non-connectée (H-Ile),Rural,Rurale-Non-connectée (H-Ile),1,7,0,0,0,0,8,24376,7457,12716,3717,11660,3740,7902,2372,7361,2406,5940,1795,77.29,2.89,28.28,9.77,64.44,3.38,73.66,71.02,3.39,2.43,69.33,11.74,Proche,Mi-urbaine,Moyenne,Moyenne,Moyenne,55.2,0.503,Moyenne,Nippes,Petite,Moyenne,Non,Aucune institution formelle,Petite,0.30591565474236954,315.3836201319705,3.281916639317361,2,4.103703703703704
C-138,Plaisance-du-Sud,Anse-à-Veau,Non-connectée (H-Ile),Rural,Rurale-Non-connectée (H-Ile),0,2,0,0,0,0,2,32044,8808,17214,4670,14830,4138,10789,2731,9351,2652,7874,2130,107.97,8.25,24.73,8.42,87.75,3.82,73.33,71.67,2.75,3.8,77.68,12.88,Éloigné,Rurale,Moyenne,Faible,Faible,52.2,0.399,Faible,Nippes,Petite,Faible,Non,Aucune institution formelle,Petite,0.2748720509299713,296.7861442993424,0.6241418050181001,1,4.069596139192279
C-139,Baradères,Baradères,Non-connectée (H-Ile),Rural,Rurale-Non-connectée (H-Ile),1,4,0,0,0,0,5,48510,12641,26058,6722,22452,5919,16299,4218,13920,3748,11528,3228,192.71,3.57,22.2,11.59,70.37,3.49,90.57,69.68,2.72,3.3,61.11,12.98,Éloigné,Rurale,Faible,Faible,Moyenne,53.7,0.411,Faible,Nippes,Moyenne,Moyenne,Non,Aucune institution formelle,Petite,0.260585446299732,251.72539048310932,1.0307153164296021,2,4.208015267175573
C-140,Grand-Boucan,Baradères,Non-connectée (H-Ile),Urbain,Urbaine-Non-connectée (H-Ile),0,1,0,0,0,0,1,6845,6095,3603,3225,3242,2870,2248,2022,2024,1819,1712,1536,44.49,4.95,25.32,6.89,61.3,3.57,82.82,56.43,12.31,10.98,70.45,39.31,Proche,Urbaine,Faible,Faible,Faible,60.4,0.504,Moyenne,Nippes,Petite,Moyenne,Non,Aucune institution formelle,Petite,0.8904309715120526,153.85479883119802,1.4609203798392987,1,3.998247663551402
