id_commune,nom_commune,arrondissement,adm2_pcode,brh_maison_de_transfert,brh_agent_non_bancaire,brh_banque,brh_atm,brh_microfinance,brh_caisse_populaire,population_totale,superficie_km2,superficie_urbaine_km2,taux_compte_formel,taux_compte_mobile,taux_utilisation_OTA,score_connaissance_fka,taux_connaissance_banque,taux_satisfaction_banque,taux_epargne_formelle,taux_telephone_mobile,taux_internet,indice_privation_spatiale,part_urbaine,densite_hab_km2,densite_bancaire_10k,nb_types_services,taille_moyenne_menage,strate,acces_routier,classe_urbanisation,classe_densite_demographique,classe_densite_bancaire,classe_diversite_services,classe_privation_spatiale,departement,classe_taille_population,profil_services_financiers,classe_taille_menage
C-001,Port-au-Prince,Port-au-Prince,HT0111,139,248,22,30,16,6,989447,36.04,25.29,20.86,7.19,55.06,4.0,91.2,49.72,15.34,84.34,29.75,0.276,0.9989802384564308,27454.134295227526,4.659168202036087,6,4.638888107494819,Urbaine-PAP,Proche,Urbaine,Élevée,Élevée,Élevée,Faible,Ouest,Grande,Pôle financier complet,Moyenne
C-002,Delmas,Port-au-Prince,HT0112,168,184,25,37,8,2,396122,27.74,27.74,21.11,6.17,52.73,3.92,95.03,59.55,18.04,77.0,56.33,0.492,1.0,14279.812545061284,10.703773080010704,6,4.730436236401199,Urbaine-PAP,Proche,Urbaine,Élevée,Élevée,Élevée,Moyenne,Ouest,Grande,Pôle financier complet,Moyenne
C-003,Cité Soleil,Port-au-Prince,HT0117,9,21,2,1,2,1,265687,21.81,21.81,21.48,6.72,60.39,4.48,96.25,84.06,15.83,77.48,40.53,0.93,1.0,12181.88904172398,1.354977849875982,6,4.470211155043325,Urbaine-PAP,Proche,Urbaine,Élevée,Faible,Élevée,Élevée,Ouest,Grande,Pôle financier complet,Moyenne
C-004,Tabarre,Port-au-Prince,HT0118,52,56,8,9,3,1,130564,24.47,24.47,25.07,7.8,63.87,3.44,97.25,83.5,12.6,76.9,44.19,0.657,1.0,5335.676338373519,9.880212003308722,6,4.739681272007841,Urbaine-PAP,Proche,Urbaine,Élevée,Élevée,Élevée,Moyenne,Ouest,Grande,Pôle financier complet,Moyenne
C-005,Carrefour,Port-au-Prince,HT0113,230,122,12,9,7,1,512467,165.16,21.85,18.98,7.56,54.28,4.83,100.0,60.6,16.03,78.03,33.09,0.241,0.9980076765918586,3102.851780092032,7.434625058784273,6,4.871544545419978,Urbaine-PAP,Proche,Urbaine,Élevée,Élevée,Élevée,Faible,Ouest,Grande,Pôle financier complet,Grande
C-006,Pétion-Ville,Port-au-Prince,HT0114,124,129,28,34,9,3,377688,165.49,37.34,15.92,11.24,53.01,3.31,63.5,58.43,16.51,68.07,48.28,0.432,0.9914161953781958,2282.2406187685056,8.657939886890768,6,4.536302381724498,Urbaine-PAP,Proche,Urbaine,Élevée,Élevée,Élevée,Moyenne,Ouest,Grande,Pôle financier complet,Moyenne
C-007,Kenscoff,Port-au-Prince,HT0115,2,8,0,0,0,1,57573,202.76,1.46,14.47,2.39,53.49,4.23,94.43,50.51,13.77,80.74,42.26,0.895,0.8664651833324649,283.9465377786546,1.910617824327376,3,4.368872363029292,Urbaine-Connectée (RN),Moyen,Urbaine,Moyenne,Moyenne,Moyenne,Élevée,Ouest,Moyenne,Caisse populaire uniquement,Petite
C-008,Gressier,Port-au-Prince,HT0116,31,21,0,0,0,2,36541,92.31,1.76,16.37,7.95,55.58,3.03,91.89,72.84,11.76,79.47,41.61,0.68,0.9343477190005748,395.8509370599068,14.77792069182562,3,4.066889259877573,Urbaine-Non-connectée (H-Ile),Proche,Urbaine,Moyenne,Élevée,Moyenne,Moyenne,Ouest,Petite,Caisse populaire uniquement,Petite
C-009,Léogâne,Léogâne,HT0121,65,65,3,2,6,4,200287,385.23,10.61,13.18,2.36,47.07,3.89,74.66,68.63,15.23,74.45,29.79,0.846,0.9500117331629112,519.9153752303819,7.2396111579882865,6,4.325199213941737,Urbaine-Connectée (RN),Proche,Urbaine,Élevée,Élevée,Élevée,Élevée,Ouest,Grande,Pôle financier complet,Petite
C-010,Petit-Goâve,Léogâne,HT0122,26,49,3,1,4,0,173389,387.88,6.69,27.8,7.63,66.79,4.14,100.0,80.53,12.75,85.95,42.46,0.423,0.9835052973372012,447.0171186965041,4.786924199343672,5,4.360232359301916,Urbaine-Non-connectée (H-Ile),Moyen,Urbaine,Élevée,Élevée,Élevée,Faible,Ouest,Grande,Pôle financier complet,Petite
C-011,Grand-Goâve,Léogâne,HT0123,5,13,0,1,0,1,136799,242.79,1.53,25.65,7.68,68.72,5.11,82.89,81.84,17.52,87.02,47.33,0.809,0.8112193802586276,563.4457761851806,1.461998991220696,4,4.048265861742424,Urbaine-Non-connectée (H-Ile),Éloigné,Urbaine,Élevée,Faible,Élevée,Élevée,Ouest,Grande,Caisse populaire uniquement,Petite
C-012,Croix-des-Bouquets,Croix-des-Bouquets,HT0131,104,97,5,3,10,3,250205,634.62,5.46,24.75,8.68,63.94,3.88,92.75,63.08,14.08,76.99,40.51,0.539,0.9235506884354828,394.25955690019225,8.872724366019865,6,4.593867621408244,Urbaine-PAP,Proche,Urbaine,Moyenne,Élevée,Élevée,Moyenne,Ouest,Grande,Pôle financier complet,Moyenne
C-013,Thomazeau,Croix-des-Bouquets,HT0132,5,7,0,0,0,0,53093,300.39,1.3,25.8,7.55,56.34,3.71,100.0,78.01,18.88,82.18,49.4,0.275,0.8288474940199273,176.74689570225374,2.260184958469101,2,4.2603915904349225,Urbaine-Non-connectée (H-Ile),Proche,Urbaine,Faible,Moyenne,Moyenne,Faible,Ouest,Moyenne,Aucune institution formelle,Petite
C-014,Ganthier,Croix-des-Bouquets,HT0133,5,16,0,1,1,0,62683,496.11,2.42,32.13,7.87,39.25,3.39,100.0,64.43,10.22,100.0,49.14,0.334,0.9194837515753872,126.34899518252,3.669256417210408,4,5.099495606898796,Urbaine-Non-connectée (H-Ile),Moyen,Urbaine,Faible,Élevée,Élevée,Faible,Ouest,Moyenne,Microfinance sans banque,Grande
C-015,Cornillon,Croix-des-Bouquets,HT0134,2,4,0,0,1,0,59811,223.24,0.87,21.88,11.04,76.56,3.09,100.0,77.8,3.06,92.26,9.94,0.453,0.2939760244771028,267.9224153377531,1.1703532794970826,3,4.601908132645995,Rurale-Non-connectée (H-Ile),Éloigné,Rurale,Moyenne,Faible,Moyenne,Moyenne,Ouest,Moyenne,Microfinance sans banque,Moyenne
C-016,Fonds-Verrettes,Croix-des-Bouquets,HT0135,2,8,0,0,1,0,50146,275.81,1.19,25.01,6.4,51.23,3.39,98.31,66.52,18.22,70.72,52.05,0.285,0.8633390499740757,181.8135673108299,2.19359470346588,3,4.643578109084174,Urbaine-Non-connectée (H-Ile),Proche,Urbaine,Faible,Moyenne,Moyenne,Faible,Ouest,Moyenne,Microfinance sans banque,Moyenne
C-017,Arcahaie,Arcahaie,HT0141,17,20,0,2,0,1,130620,408.73,13.01,12.89,2.71,48.63,4.64,91.68,71.62,13.0,72.48,42.29,0.886,0.9376588577553208,319.5752697379688,3.062318174858368,4,3.887037257469349,Urbaine-Connectée (RN),Éloigné,Urbaine,Moyenne,Moyenne,Élevée,Élevée,Ouest,Grande,Caisse populaire uniquement,Petite
C-018,Cabaret,Arcahaie,HT0142,11,32,1,1,4,1,68406,202.36,1.74,15.78,2.83,44.61,3.83,100.0,70.8,14.64,70.65,42.31,0.966,0.9857030085080256,338.041114844831,7.309300353770137,6,4.395707492610204,Urbaine-Connectée (RN),Proche,Urbaine,Moyenne,Élevée,Élevée,Élevée,Ouest,Grande,Pôle financier complet,Petite
C-019,Anse-à-Galets,La Gonâve,HT0151,22,27,1,0,2,0,62709,372.01,2.45,23.38,8.19,57.62,5.08,100.0,72.74,14.09,97.32,42.62,0.289,0.971886013171953,168.56804924598802,8.292270646956577,4,4.832691122071517,Urbaine-Non-connectée (H-Ile),Éloigné,Urbaine,Faible,Élevée,Élevée,Faible,Ouest,Grande,Bancarisé,Moyenne
C-020,Pointe-à-Raquette,La Gonâve,HT0152,4,13,0,0,0,0,24579,317.61,0.57,29.68,8.78,48.79,4.04,82.54,80.58,13.46,78.98,42.44,0.907,0.7679726595874528,77.38736185888354,6.9164734122625005,2,3.6359467455621295,Urbaine-Non-connectée (H-Ile),Proche,Urbaine,Faible,Élevée,Moyenne,Élevée,Ouest,Petite,Aucune institution formelle,Petite
C-021,Jacmel,Jacmel,HT0211,59,105,3,2,7,4,221965,443.88,3.75,29.27,19.01,62.93,3.28,74.26,51.22,3.11,72.52,6.66,0.226,0.4924109656927894,500.056321528341,8.109386615006871,6,4.413612773657315,Rurale-Connectée (RN),Moyen,Mi-urbaine,Élevée,Élevée,Élevée,Faible,Sud-Est,Grande,Pôle financier complet,Petite
C-022,Marigot,Jacmel,HT0212,9,20,0,0,1,2,88579,187.11,4.6,29.07,11.35,92.66,3.35,100.0,60.5,2.42,90.97,10.69,0.952,0.2527122681448199,473.4060178504623,3.612594407252283,4,4.558643404868509,Rurale-Non-connectée (H-Ile),Proche,Rurale,Élevée,Élevée,Élevée,Élevée,Sud-Est,Grande,Microfinance sans banque,Moyenne
C-023,Cayes-Jacmel,Jacmel,HT0213,5,10,0,0,0,1,47835,78.99,0.94,26.14,8.75,66.91,3.12,92.22,69.08,2.95,69.89,8.75,0.727,0.2303543430542489,605.5829851879985,3.344831190550852,3,4.622632392732895,Rurale-Non-connectée (H-Ile),Moyen,Rurale,Élevée,Élevée,Moyenne,Élevée,Sud-Est,Moyenne,Caisse populaire uniquement,Moyenne
C-024,La Vallée de Jacmel,Jacmel,HT0214,5,9,0,0,1,2,43154,84.79,0.88,23.88,12.76,78.3,3.98,73.07,56.41,3.23,77.42,13.68,0.508,0.0900727626639477,508.95152730274793,3.93937989525884,4,4.577216801018244,Rurale-Non-connectée (H-Ile),Proche,Rurale,Élevée,Élevée,Élevée,Moyenne,Sud-Est,Moyenne,Microfinance sans banque,Moyenne
C-025,Bainet,Bainet,HT0221,5,19,0,0,0,0,102806,300.6,0.59,25.95,10.57,89.51,2.68,98.98,67.61,2.9,75.46,13.62,0.342,0.1181545824173686,342.0026613439787,2.3344940956753497,2,4.4547187797902765,Rurale-Non-connectée (H-Ile),Proche,Rurale,Moyenne,Moyenne,Moyenne,Faible,Sud-Est,Grande,Aucune institution formelle,Petite
C-026,Côtes-de-Fer,Bainet,HT0222,5,5,0,0,0,0,58089,162.03,0.5,24.94,13.12,89.04,2.84,89.25,67.95,2.55,63.82,12.41,0.381,0.1262717554098022,358.50768376226625,1.7214963246053467,2,4.523008642840458,Rurale-Non-connectée (H-Ile),Proche,Rurale,Moyenne,Faible,Moyenne,Faible,Sud-Est,Moyenne,Aucune institution formelle,Moyenne
C-027,Belle-Anse,Belle-Anse,HT0231,2,21,0,0,0,1,90035,381.27,1.19,25.28,14.13,87.64,3.24,100.0,86.14,3.46,81.12,10.61,0.844,0.1608041317265507,236.1449891153251,2.665630032765036,3,4.705989964457453,Rurale-Non-connectée (H-Ile),Éloigné,Rurale,Faible,Moyenne,Moyenne,Élevée,Sud-Est,Grande,Caisse populaire uniquement,Moyenne
C-028,Grand-Gosier,Belle-Anse,HT0232,1,0,0,0,0,0,20220,83.91,1.21,23.26,11.47,81.86,3.91,99.16,73.54,3.33,61.08,9.34,0.749,0.3415924826904055,240.9724705041116,0.4945598417408507,1,4.278459585272958,Rurale-Non-connectée (H-Ile),Proche,Mi-urbaine,Faible,Faible,Faible,Élevée,Sud-Est,Petite,Aucune institution formelle,Petite
C-029,Thiotte,Belle-Anse,HT0233,3,11,0,0,2,1,41394,126.33,2.41,21.47,9.99,86.8,4.21,84.51,83.12,2.53,84.07,9.91,0.408,0.4013866743972556,327.6656376157682,4.106875392568971,4,4.3989373007438894,Rurale-Non-connectée (H-Ile),Proche,Mi-urbaine,Moyenne,Élevée,Élevée,Faible,Sud-Est,Moyenne,Microfinance sans banque,Petite
C-030,Anse-à-Pitre,Belle-Anse,HT0234,1,3,0,0,1,0,35726,185.19,4.45,22.41,8.08,69.7,4.59,100.0,75.26,12.09,76.6,54.24,0.227,0.6838436992666406,192.9153842000108,1.3995409505682137,3,4.04368986983588,Urbaine-Non-connectée (H-Ile),Proche,Mi-urbaine,Faible,Faible,Moyenne,Faible,Sud-Est,Petite,Microfinance sans banque,Petite
C-031,Cap-Haïtien,Cap-Haïtien,HT0311,107,91,11,6,6,1,301506,53.5,24.21,10.32,3.16,52.76,4.46,86.98,61.62,12.86,77.98,37.64,0.18,0.9938276518543578,5635.626168224299,7.363037551491512,6,5.159240246406571,Urbaine-Connectée (RN),Proche,Urbaine,Élevée,Élevée,Élevée,Faible,Nord,Grande,Pôle financier complet,Grande
C-032,Quartier-Morin,Cap-Haïtien,HT0312,1,13,0,0,0,0,30057,60.36,1.01,35.82,18.77,56.43,3.82,87.9,68.34,3.25,58.57,7.11,0.709,0.4087899657317763,497.96222664015903,4.657816814718701,2,4.493496785767678,Rurale-Connectée (RN),Proche,Mi-urbaine,Élevée,Élevée,Moyenne,Élevée,Nord,Petite,Aucune institution formelle,Moyenne
C-033,Limonade,Cap-Haïtien,HT0313,5,5,0,0,0,2,60583,131.9,1.92,11.24,2.75,45.67,4.62,86.49,74.33,15.62,72.35,48.49,0.51,0.6818579469488141,459.3100833965125,1.9807536767740128,3,4.704379562043796,Urbaine-Connectée (RN),Proche,Mi-urbaine,Élevée,Moyenne,Moyenne,Moyenne,Nord,Moyenne,Caisse populaire uniquement,Moyenne
C-034,Acul-du-Nord,Acul-du-Nord,HT0321,0,8,0,1,0,0,61421,186.37,4.71,22.83,8.78,63.84,3.15,100.0,84.89,16.78,78.62,51.45,0.192,0.5082138030966608,329.5648441272737,1.4652968854300643,2,4.855798877381611,Urbaine-Non-connectée (H-Ile),Éloigné,Mi-urbaine,Moyenne,Faible,Moyenne,Faible,Nord,Moyenne,Aucune institution formelle,Grande
C-035,Plaine-du-Nord,Acul-du-Nord,HT0322,1,16,0,0,0,1,45326,100.69,4.5,15.14,3.22,44.93,2.99,90.04,65.67,14.27,53.37,52.45,0.576,0.647244407183515,450.15393782898,3.971230640250628,3,4.752149297546655,Urbaine-Connectée (RN),Proche,Mi-urbaine,Élevée,Élevée,Moyenne,Moyenne,Nord,Moyenne,Caisse populaire uniquement,Moyenne
C-036,Milot,Acul-du-Nord,HT0323,4,4,0,1,1,1,35147,71.64,1.83,15.54,2.84,61.65,4.4,100.0,50.44,12.92,81.06,48.54,0.487,0.623239536802572,490.60580681183694,3.1297123509830143,5,4.863963465264323,Urbaine-Connectée (RN),Proche,Mi-urbaine,Élevée,Moyenne,Élevée,Moyenne,Nord,Petite,Microfinance sans banque,Grande
C-037,Grande-Rivière-du-Nord,Grande-Rivière-du-Nord,HT0331,3,4,0,0,0,0,45443,128.15,0.94,17.32,6.09,57.25,3.23,100.0,53.45,17.07,77.6,49.57,0.67,0.7088220407983628,354.60788138899727,1.5403912593798823,2,4.360295528689311,Urbaine-Non-connectée (H-Ile),Proche,Urbaine,Moyenne,Faible,Moyenne,Moyenne,Nord,Moyenne,Aucune institution formelle,Petite
C-038,Bahon,Grande-Rivière-du-Nord,HT0332,1,3,0,0,0,0,25544,76.38,0.24,23.67,12.61,79.3,3.52,82.69,68.47,2.75,78.3,11.09,0.363,0.3132242405261509,334.433097669547,1.5659254619480114,2,4.79249530956848,Rurale-Non-connectée (H-Ile),Proche,Mi-urbaine,Moyenne,Faible,Moyenne,Faible,Nord,Petite,Aucune institution formelle,Moyenne
C-039,Saint-Raphaël,Saint-Raphaël,HT0341,4,22,0,0,3,0,59057,183.81,1.78,25.23,7.17,67.55,3.87,52.25,46.75,15.42,89.33,28.92,0.59,0.613695243578238,321.2937272183233,4.910510185075435,3,4.581969120955854,Urbaine-Non-connectée (H-Ile),Proche,Mi-urbaine,Moyenne,Élevée,Moyenne,Moyenne,Nord,Moyenne,Microfinance sans banque,Moyenne
C-040,Dondon,Saint-Raphaël,HT0342,2,3,0,0,0,0,38016,120.36,0.75,23.78,8.36,56.21,3.94,100.0,91.39,11.51,75.08,42.18,0.442,0.624815867003367,315.852442671984,1.3152356902356903,2,4.680044318601502,Urbaine-Non-connectée (H-Ile),Proche,Mi-urbaine,Moyenne,Faible,Moyenne,Moyenne,Nord,Moyenne,Aucune institution formelle,Moyenne
C-041,Ranquitte,Saint-Raphaël,HT0343,0,3,0,0,0,0,30435,81.65,0.46,28.84,12.07,80.37,4.05,88.23,78.45,2.74,65.19,12.03,0.888,0.4165927386232955,372.7495407225964,0.9857072449482503,1,5.306887532693985,Rurale-Non-connectée (H-Ile),Proche,Mi-urbaine,Moyenne,Faible,Faible,Élevée,Nord,Petite,Aucune institution formelle,Grande
C-042,Pignon,Saint-Raphaël,HT0344,7,16,0,0,2,0,47530,140.41,0.9,20.69,5.8,65.6,4.27,80.92,65.13,17.27,81.04,41.15,0.677,0.6579844308857563,338.50865322982696,5.259835893120134,3,4.628042843232716,Urbaine-Non-connectée (H-Ile),Proche,Mi-urbaine,Moyenne,Élevée,Moyenne,Moyenne,Nord,Moyenne,Microfinance sans banque,Moyenne
C-043,La Victoire,Saint-Raphaël,HT0345,1,1,0,0,0,1,11582,31.35,0.82,16.35,8.2,45.04,3.91,84.79,60.02,13.39,100.0,40.86,0.205,0.7822483163529614,369.44178628389153,2.590226213089277,3,4.951688755878581,Urbaine-Non-connectée (H-Ile),Proche,Urbaine,Moyenne,Moyenne,Moyenne,Faible,Nord,Petite,Caisse populaire uniquement,Grande
C-044,Borgne,Borgne,HT0351,0,3,0,0,0,0,73523,202.09,0.87,26.92,12.71,74.95,3.31,87.21,83.1,3.37,61.37,9.41,0.307,0.4094093004910028,363.813152555792,0.4080355807026373,1,5.256148126965971,Rurale-Non-connectée (H-Ile),Proche,Mi-urbaine,Moyenne,Faible,Faible,Faible,Nord,Grande,Aucune institution formelle,Grande
C-045,Port-Margot,Borgne,HT0352,4,16,0,0,1,1,54799,125.19,2.2,21.7,8.87,64.99,3.86,100.0,59.97,9.76,74.93,35.69,0.353,0.7107611452763737,437.7266554836648,4.014671800580302,4,4.979011448300927,Urbaine-Non-connectée (H-Ile),Proche,Urbaine,Élevée,Élevée,Élevée,Faible,Nord,Moyenne,Microfinance sans banque,Grande
C-046,Limbé,Limbé,HT0361,12,12,2,0,2,0,93717,125.8,3.64,17.37,8.24,58.37,3.46,95.23,61.0,13.74,69.78,53.58,0.966,0.8758709732492505,744.9682034976153,2.9877183435235866,4,5.302234794908062,Urbaine-Non-connectée (H-Ile),Éloigné,Urbaine,Élevée,Moyenne,Élevée,Élevée,Nord,Grande,Bancarisé,Grande
C-047,Bas-Limbé,Limbé,HT0362,2,2,0,0,0,0,22961,52.94,0.51,23.04,5.7,70.52,3.69,100.0,63.73,14.61,65.33,53.81,0.686,0.7089848003135752,433.7174159425765,1.7420844039893733,2,5.151671527933588,Urbaine-Non-connectée (H-Ile),Éloigné,Urbaine,Élevée,Moyenne,Moyenne,Élevée,Nord,Petite,Aucune institution formelle,Grande
C-048,Plaisance,Plaisance,HT0371,4,9,0,0,0,1,76447,121.52,2.31,27.96,9.65,44.14,5.29,99.89,73.23,18.92,87.87,41.98,0.457,0.5692178895182283,629.0898617511521,1.831334126911455,3,5.190236947518501,Urbaine-Non-connectée (H-Ile),Proche,Mi-urbaine,Élevée,Moyenne,Moyenne,Moyenne,Nord,Grande,Caisse populaire uniquement,Grande
C-049,Pilate,Plaisance,HT0372,7,5,0,0,1,1,59382,120.8,0.77,19.45,12.53,58.45,3.65,88.69,78.7,2.47,72.13,11.46,0.454,0.3590818766629618,491.5728476821192,2.357616786231518,4,4.876971090670171,Rurale-Non-connectée (H-Ile),Éloigné,Mi-urbaine,Élevée,Moyenne,Élevée,Moyenne,Nord,Moyenne,Microfinance sans banque,Grande
C-050,Fort-Liberté,Fort-Liberté,HT0411,7,9,1,1,1,1,37665,240.28,3.39,18.64,2.46,55.33,4.41,88.5,78.99,16.51,100.0,35.82,0.249,0.9200053099694676,156.75461961045443,5.30996946767556,6,4.487668295007745,Urbaine-Connectée (RN),Proche,Urbaine,Faible,Élevée,Élevée,Faible,Nord-Est,Moyenne,Pôle financier complet,Moyenne
C-051,Ferrier,Fort-Liberté,HT0412,1,2,0,0,0,1,16015,70.0,1.08,20.63,7.14,65.31,3.4,100.0,83.29,17.38,97.12,46.05,0.405,0.8351545426162972,228.78571428571428,2.497658445207618,3,4.158660088288756,Urbaine-Non-connectée (H-Ile),Éloigné,Urbaine,Faible,Moyenne,Moyenne,Faible,Nord-Est,Petite,Caisse populaire uniquement,Petite
C-052,Perches,Fort-Liberté,HT0413,2,3,0,0,0,1,12640,39.64,1.89,23.91,8.38,56.12,4.38,100.0,72.01,13.38,100.0,53.09,0.183,0.8168512658227848,318.8698284561049,4.746835443037974,3,4.951037994516256,Urbaine-Non-connectée (H-Ile),Proche,Urbaine,Moyenne,Élevée,Moyenne,Faible,Nord-Est,Petite,Caisse populaire uniquement,Grande
C-053,Ouanaminthe,Ouanaminthe,HT0421,7,14,4,1,3,0,116086,199.06,3.14,11.28,3.31,52.58,4.6,100.0,77.26,14.16,83.07,32.37,0.392,0.8657633134055787,583.1709032452527,2.498147924814362,5,4.878998024629093,Urbaine-Connectée (RN),Proche,Urbaine,Élevée,Moyenne,Élevée,Faible,Nord-Est,Grande,Pôle financier complet,Grande
C-054,Capotille,Ouanaminthe,HT0422,1,1,0,0,0,0,21201,68.69,0.32,24.15,10.94,87.05,3.96,89.35,64.75,3.06,67.26,11.77,0.76,0.1873496533182397,308.64754695006553,0.9433517286920428,2,5.305555555555555,Rurale-Non-connectée (H-Ile),Proche,Rurale,Moyenne,Faible,Moyenne,Élevée,Nord-Est,Petite,Aucune institution formelle,Grande
C-055,Mont-Organisé,Ouanaminthe,HT0423,3,2,0,0,1,0,22941,94.49,0.85,23.52,13.26,68.74,3.66,95.44,52.33,2.33,56.35,11.89,0.477,0.4864216904232596,242.78759657106573,2.6154047338825683,3,4.878987664823479,Rurale-Non-connectée (H-Ile),Proche,Mi-urbaine,Faible,Moyenne,Moyenne,Moyenne,Nord-Est,Petite,Microfinance sans banque,Grande
C-056,Trou-du-Nord,Trou-du-Nord,HT0431,9,13,0,0,2,0,53524,130.79,2.79,10.72,2.19,44.34,4.77,100.0,60.26,13.98,92.78,45.32,0.701,0.791532770346013,409.236180136096,4.483969807936626,3,4.881794965341117,Urbaine-Connectée (RN),Proche,Urbaine,Moyenne,Élevée,Moyenne,Élevée,Nord-Est,Moyenne,Microfinance sans banque,Grande
C-057,Sainte-Suzanne,Trou-du-Nord,HT0432,1,1,0,0,0,0,30658,127.91,1.08,34.17,9.95,80.53,4.23,87.64,63.29,3.57,71.24,13.71,0.21,0.2331854654576293,239.6841529200219,0.6523582751647204,2,4.682040317654246,Rurale-Non-connectée (H-Ile),Éloigné,Rurale,Faible,Faible,Moyenne,Faible,Nord-Est,Petite,Aucune institution formelle,Moyenne
C-058,Terrier-Rouge,Trou-du-Nord,HT0433,2,4,0,0,0,1,33168,171.22,3.34,21.85,5.59,65.64,3.96,77.17,65.17,16.18,92.21,54.83,0.701,0.9302641099855282,193.71568741969395,2.1104679208876025,3,4.467672413793103,Urbaine-Non-connectée (H-Ile),Proche,Urbaine,Faible,Moyenne,Moyenne,Élevée,Nord-Est,Petite,Caisse populaire uniquement,Moyenne
C-059,Caracol,Trou-du-Nord,HT0434,1,4,1,2,0,0,8436,74.91,0.21,21.85,7.01,47.69,3.73,81.75,61.64,14.65,69.65,40.53,0.156,0.7023470839260313,112.61513816579895,9.48316737790422,4,4.020972354623451,Urbaine-Non-connectée (H-Ile),Proche,Urbaine,Faible,Élevée,Élevée,Faible,Nord-Est,Petite,Bancarisé,Petite
C-060,Vallières,Vallières,HT0441,1,1,0,0,0,0,25743,158.46,1.29,27.49,14.47,75.98,4.03,89.64,67.02,3.05,73.69,12.11,0.689,0.4030998718098124,162.4574024990534,0.7769102280231519,2,5.28169881001231,Rurale-Non-connectée (H-Ile),Éloigné,Mi-urbaine,Faible,Faible,Moyenne,Élevée,Nord-Est,Petite,Aucune institution formelle,Grande
C-061,Carice,Vallières,HT0442,2,1,0,0,0,1,14892,55.97,0.93,30.02,10.6,55.68,3.28,100.0,78.7,16.31,86.59,42.53,0.844,0.6288611334944937,266.07110952295875,2.686005909213,3,4.796135265700483,Urbaine-Non-connectée (H-Ile),Proche,Mi-urbaine,Faible,Moyenne,Moyenne,Élevée,Nord-Est,Petite,Caisse populaire uniquement,Moyenne
C-062,Mombin-Crochu,Vallières,HT0443,1,3,0,0,0,1,37956,191.51,2.03,28.06,12.22,83.21,3.17,100.0,90.52,3.35,71.46,9.96,0.93,0.3912161450100116,198.1933058325936,1.3173147855411529,3,4.877409406322283,Rurale-Non-connectée (H-Ile),Proche,Mi-urbaine,Faible,Faible,Moyenne,Élevée,Nord-Est,Moyenne,Caisse populaire uniquement,Grande
C-063,Gonaïves,Gonaïves,HT0511,112,81,6,5,6,3,391173,573.58,15.09,11.31,2.71,49.54,4.1,74.88,49.66,13.75,75.39,43.71,0.162,0.9169958049251864,681.9850761881515,5.445161092406685,6,4.9543790766892535,Urbaine-Connectée (RN),Proche,Urbaine,Élevée,Élevée,Élevée,Faible,Artibonite,Grande,Pôle financier complet,Grande
C-064,Ennery,Gonaïves,HT0512,1,7,0,0,0,0,56226,216.89,0.54,24.77,11.41,71.89,2.62,84.67,58.09,3.69,82.49,12.11,0.839,0.2618895173051613,259.2374014477385,1.4228292960552058,2,4.219270598829356,Rurale-Non-connectée (H-Ile),Proche,Rurale,Faible,Faible,Moyenne,Élevée,Artibonite,Moyenne,Aucune institution formelle,Petite
C-065,Estère,Gonaïves,HT0513,6,8,0,0,1,0,49572,176.24,1.31,16.94,8.68,68.63,4.27,88.01,63.45,17.96,100.0,43.37,0.335,0.751755022996853,281.27553336359506,3.025901718712176,3,3.594778825235678,Urbaine-Non-connectée (H-Ile),Éloigné,Urbaine,Moyenne,Moyenne,Moyenne,Faible,Artibonite,Moyenne,Microfinance sans banque,Petite
C-066,Gros-Morne,Gros-Morne,HT0521,9,12,0,0,2,3,170905,397.03,2.12,27.25,9.03,71.97,3.04,100.0,80.27,3.3,58.34,9.55,0.749,0.4809455545478482,430.4586555172153,1.5213130101518388,4,4.692742799088388,Rurale-Non-connectée (H-Ile),Proche,Mi-urbaine,Élevée,Faible,Élevée,Élevée,Artibonite,Grande,Microfinance sans banque,Moyenne
C-067,Terre-Neuve,Gros-Morne,HT0522,1,2,0,0,0,0,34305,176.83,0.11,18.11,10.79,74.87,3.3,85.63,69.79,2.62,77.56,10.24,0.181,0.1365690132633726,193.9998868970197,0.8745080891998251,2,4.418469860896445,Rurale-Non-connectée (H-Ile),Proche,Rurale,Faible,Faible,Moyenne,Faible,Artibonite,Petite,Aucune institution formelle,Petite
C-068,Anse-Rouge,Gros-Morne,HT0523,2,5,0,0,0,1,47636,434.35,1.6,20.76,9.84,44.0,3.68,87.01,64.18,12.7,47.74,39.13,0.844,0.6205810731379628,109.67192356394612,1.6794021328407087,3,4.304717151635641,Urbaine-Non-connectée (H-Ile),Proche,Mi-urbaine,Faible,Faible,Moyenne,Élevée,Artibonite,Moyenne,Caisse populaire uniquement,Petite
C-069,Saint-Marc,Saint-Marc,HT0531,77,79,4,3,8,4,292716,556.56,11.19,13.79,2.53,44.29,4.15,74.09,74.2,14.27,92.42,36.69,0.951,0.8120020770986212,525.9379042690815,5.978491097172686,6,4.636938235620257,Urbaine-Connectée (RN),Proche,Urbaine,Élevée,Élevée,Élevée,Élevée,Artibonite,Grande,Pôle financier complet,Moyenne
C-070,Verrettes,Saint-Marc,HT0532,8,16,0,0,0,3,158965,356.72,5.6,14.72,2.66,53.44,3.92,100.0,76.61,15.14,60.44,43.98,0.435,0.5882489856257667,445.6296254765642,1.698487088352782,3,3.858280138831582,Urbaine-Connectée (RN),Proche,Mi-urbaine,Élevée,Faible,Moyenne,Moyenne,Artibonite,Grande,Caisse populaire uniquement,Petite
C-071,La Chapelle,Saint-Marc,HT0533,2,2,0,0,0,0,34635,143.6,2.82,23.06,11.82,82.07,3.51,90.75,71.8,2.2,64.49,11.69,0.595,0.4304027717626678,241.1908077994429,1.15490111159232,2,4.033422615581693,Rurale-Non-connectée (H-Ile),Proche,Mi-urbaine,Faible,Faible,Moyenne,Moyenne,Artibonite,Petite,Aucune institution formelle,Petite
C-072,Dessalines,Dessalines,HT0541,9,20,0,0,1,2,199677,474.29,2.22,39.05,20.54,84.91,3.84,84.78,58.8,3.22,56.21,12.62,0.425,0.3863489535599994,421.0019186573615,1.6025881799105557,4,4.261321439241965,Rurale-Connectée (RN),Proche,Mi-urbaine,Élevée,Faible,Élevée,Moyenne,Artibonite,Grande,Microfinance sans banque,Petite
C-073,Petite-Rivière-de-l'Artibonite,Dessalines,HT0542,7,13,0,0,3,2,187423,506.71,4.2,26.16,7.34,62.58,3.55,89.38,74.92,17.9,81.28,36.6,0.683,0.531183472679447,369.8821811292456,1.3338811138440854,4,4.00262680192205,Urbaine-Non-connectée (H-Ile),Proche,Mi-urbaine,Moyenne,Faible,Élevée,Moyenne,Artibonite,Grande,Microfinance sans banque,Petite
C-074,Grande-Saline,Dessalines,HT0543,1,1,0,0,0,0,25504,51.97,0.26,26.32,11.94,100.0,3.14,100.0,69.48,3.26,78.81,10.05,0.378,0.443616687578419,490.74466038098905,0.7841907151819323,2,4.308108108108108,Rurale-Non-connectée (H-Ile),Proche,Mi-urbaine,Élevée,Faible,Moyenne,Faible,Artibonite,Petite,Aucune institution formelle,Petite
C-075,Desdunes,Dessalines,HT0544,6,6,0,0,0,1,40645,99.49,6.12,19.25,8.84,51.32,4.42,78.98,69.4,13.48,60.6,51.79,0.455,0.9626522327469552,408.5335209568801,3.198425390576947,3,3.637461965276535,Urbaine-Non-connectée (H-Ile),Proche,Urbaine,Moyenne,Moyenne,Moyenne,Moyenne,Artibonite,Moyenne,Caisse populaire uniquement,Petite
C-076,Saint-Michel-de-l'Attalaye,Marmelade,HT0551,6,19,0,0,2,1,165223,613.74,7.46,30.12,15.27,59.28,2.43,81.26,66.47,2.64,66.23,10.73,0.326,0.4960023725510371,269.2068302538534,1.694679312202296,4,4.450571059153108,Rurale-Non-connectée (H-Ile),Proche,Mi-urbaine,Moyenne,Faible,Élevée,Faible,Artibonite,Grande,Microfinance sans banque,Petite
C-077,Marmelade,Marmelade,HT0552,1,1,0,0,1,1,41775,108.94,1.1,21.11,11.58,65.96,3.44,100.0,81.99,3.13,64.61,11.05,0.435,0.4917773788150807,383.4679640168901,0.957510472770796,4,5.04833836858006,Rurale-Non-connectée (H-Ile),Proche,Mi-urbaine,Moyenne,Faible,Élevée,Moyenne,Artibonite,Moyenne,Microfinance sans banque,Grande
C-078,Hinche,Hinche,HT0611,10,41,4,2,5,3,138051,588.4,4.65,17.4,2.98,44.36,3.84,95.07,69.51,14.66,100.0,40.9,0.815,0.5430311986150046,234.62100611828689,4.708404864868781,6,4.588088670278175,Urbaine-Connectée (RN),Proche,Mi-urbaine,Faible,Élevée,Élevée,Élevée,Centre,Grande,Pôle financier complet,Moyenne
C-079,Maïssade,Hinche,HT0612,1,9,0,0,1,1,67315,288.43,7.65,31.28,14.5,66.86,3.77,100.0,83.19,3.2,74.53,12.87,0.705,0.4645621332541038,233.3841833373782,1.782663596523806,4,4.62741458720011,Rurale-Non-connectée (H-Ile),Proche,Mi-urbaine,Faible,Moyenne,Élevée,Élevée,Centre,Grande,Microfinance sans banque,Moyenne
C-080,Thomonde,Hinche,HT0613,5,14,0,0,1,1,70662,359.91,5.55,25.85,10.83,79.4,2.78,98.6,86.43,3.27,57.64,12.93,0.53,0.3594293962808865,196.33241643744267,2.97189437038295,4,4.669089467424342,Rurale-Non-connectée (H-Ile),Proche,Mi-urbaine,Faible,Moyenne,Élevée,Moyenne,Centre,Grande,Microfinance sans banque,Moyenne
C-081,Cerca-Carvajal,Hinche,HT0614,2,5,0,0,0,0,26561,156.59,1.24,27.72,9.46,93.01,3.28,92.51,76.96,3.49,65.05,12.84,0.399,0.4470464214449757,169.62130404240372,2.6354429426602914,2,5.419506223219751,Rurale-Non-connectée (H-Ile),Proche,Mi-urbaine,Faible,Moyenne,Moyenne,Faible,Centre,Petite,Aucune institution formelle,Grande
C-082,Mirebalais,Mirebalais,HT0621,14,28,1,1,5,3,111654,330.87,2.1,17.09,20.44,95.89,3.81,89.09,61.91,2.49,86.34,11.04,0.814,0.3780428824762212,337.45579834980504,4.657244702384151,6,4.194837885561859,Rurale-Connectée (RN),Proche,Mi-urbaine,Moyenne,Élevée,Élevée,Élevée,Centre,Grande,Pôle financier complet,Petite
C-083,Saut-d'Eau,Mirebalais,HT0622,4,6,0,0,1,1,44616,179.41,2.15,23.3,13.7,84.22,4.12,100.0,83.24,3.1,77.5,9.56,0.187,0.2827461000537923,248.6817903126916,2.6896180742334588,4,4.325770796974986,Rurale-Non-connectée (H-Ile),Éloigné,Rurale,Faible,Moyenne,Élevée,Faible,Centre,Moyenne,Microfinance sans banque,Petite
C-084,Boucan-Carré,Mirebalais,HT0623,1,6,0,0,1,0,63982,353.63,4.41,27.97,12.44,100.0,3.73,100.0,77.03,2.84,60.36,14.18,0.86,0.1556218936575912,180.92921980601196,1.25035166140477,3,4.227699220298665,Rurale-Non-connectée (H-Ile),Éloigné,Rurale,Faible,Faible,Moyenne,Élevée,Centre,Grande,Microfinance sans banque,Petite
C-085,Lascahobas,Lascahobas,HT0631,10,20,0,0,1,3,52396,151.68,0.85,27.33,11.63,74.11,2.92,100.0,100.0,2.96,67.2,12.41,0.324,0.425738606000458,345.43776371308013,6.489044965264524,4,4.69666547149516,Rurale-Non-connectée (H-Ile),Proche,Mi-urbaine,Moyenne,Élevée,Élevée,Faible,Centre,Moyenne,Microfinance sans banque,Moyenne
C-086,Belladère,Lascahobas,HT0632,3,1,0,0,1,0,98916,296.65,3.22,19.61,9.24,59.13,3.29,76.46,75.35,3.39,67.53,10.25,0.744,0.3621962068826074,333.44345187931907,0.5054793966597921,3,4.696420093058589,Rurale-Non-connectée (H-Ile),Proche,Mi-urbaine,Moyenne,Faible,Moyenne,Élevée,Centre,Grande,Microfinance sans banque,Moyenne
C-087,Savanette,Lascahobas,HT0633,1,3,0,0,0,1,41346,174.83,1.13,22.94,11.7,90.67,4.02,100.0,79.54,3.44,64.35,13.35,0.937,0.2808736032506167,236.49259280443857,1.2093068253277222,3,4.360472474161569,Rurale-Non-connectée (H-Ile),Moyen,Rurale,Faible,Faible,Moyenne,Élevée,Centre,Moyenne,Caisse populaire uniquement,Petite
C-088,Cerca-la-Source,Cerca-la-Source,HT0641,0,10,0,0,0,0,64567,345.0,1.25,14.87,13.98,56.71,2.91,88.01,75.14,3.63,52.04,10.12,0.392,0.2860904177056391,187.15072463768115,1.5487787879257209,1,5.083215241694221,Rurale-Non-connectée (H-Ile),Éloigné,Rurale,Faible,Faible,Faible,Faible,Centre,Grande,Aucune institution formelle,Grande
C-089,Thomassique,Cerca-la-Source,HT0642,3,9,0,0,1,0,72214,262.01,1.86,25.49,9.62,69.43,3.51,82.47,70.93,3.19,62.88,13.33,0.782,0.419641620738361,275.6154345253998,1.8002049464092835,3,5.005128915996673,Rurale-Non-connectée (H-Ile),Proche,Mi-urbaine,Moyenne,Moyenne,Moyenne,Élevée,Centre,Grande,Microfinance sans banque,Grande
C-090,Les Cayes,Les Cayes,HT0711,43,98,5,3,6,7,187242,219.11,11.51,9.9,2.89,53.47,4.12,91.61,64.4,14.75,100.0,51.31,0.548,0.820115145106333,854.5570717904249,8.651905021309322,6,4.833548453714699,Urbaine-Connectée (RN),Proche,Urbaine,Élevée,Élevée,Élevée,Moyenne,Sud,Grande,Pôle financier complet,Moyenne
C-091,Torbeck,Les Cayes,HT0712,1,11,0,0,0,0,93788,189.48,3.81,28.07,11.11,77.1,3.34,100.0,75.18,2.89,66.0,9.48,0.994,0.196304431270525,494.97572303145455,1.2794813835458694,2,4.961540496217531,Rurale-Non-connectée (H-Ile),Proche,Rurale,Élevée,Faible,Moyenne,Élevée,Sud,Grande,Aucune institution formelle,Grande
C-092,Chantal,Les Cayes,HT0713,1,1,0,0,0,0,42059,160.36,2.89,28.26,10.57,76.06,4.99,100.0,77.63,2.22,68.92,11.96,0.626,0.3239734658455978,262.2786230980294,0.4755224803252574,2,4.799064354176175,Rurale-Non-connectée (H-Ile),Éloigné,Mi-urbaine,Faible,Faible,Moyenne,Moyenne,Sud,Moyenne,Aucune institution formelle,Moyenne
C-093,Camp-Perrin,Les Cayes,HT0714,2,17,0,0,1,3,55523,133.77,2.74,22.29,12.24,64.43,3.33,89.44,84.47,3.6,71.48,12.29,0.223,0.288114835293482,415.0631681243926,4.142427462493021,4,4.853409090909091,Rurale-Non-connectée (H-Ile),Proche,Rurale,Élevée,Élevée,Élevée,Faible,Sud,Moyenne,Microfinance sans banque,Grande
C-094,Maniche,Les Cayes,HT0715,1,2,0,0,0,1,29493,124.81,0.37,25.88,12.58,78.17,3.79,100.0,75.34,2.86,93.29,15.31,0.159,0.1356593089885735,236.303180834869,1.3562540263791407,3,4.4591775022679165,Rurale-Non-connectée (H-Ile),Proche,Rurale,Faible,Faible,Moyenne,Faible,Sud,Petite,Caisse populaire uniquement,Moyenne
C-095,Île-à-Vache,Les Cayes,HT0716,1,2,0,0,0,0,18973,45.96,1.3,23.22,12.57,90.09,3.14,94.95,67.0,3.23,70.09,9.78,0.286,0.338059347493807,412.8154917319408,1.5811943287830077,2,5.526653073113895,Rurale-Non-connectée (H-Ile),Proche,Mi-urbaine,Moyenne,Faible,Moyenne,Faible,Sud,Petite,Aucune institution formelle,Grande
C-096,Port-Salut,Port-Salut,HT0721,2,9,0,0,0,1,23540,48.79,2.88,24.87,10.07,78.53,3.83,85.01,68.47,3.31,81.49,13.36,0.818,0.3138062871707731,482.4759171961468,5.097706032285472,3,4.721219414360209,Rurale-Non-connectée (H-Ile),Proche,Mi-urbaine,Élevée,Élevée,Moyenne,Élevée,Sud,Petite,Caisse populaire uniquement,Moyenne
C-097,Saint-Jean-du-Sud,Port-Salut,HT0722,1,5,0,0,0,0,31494,69.29,0.3,19.87,8.89,68.55,4.01,83.12,57.71,2.44,63.72,11.03,0.895,0.1336445037149933,454.5244624043873,1.9051247856734617,2,4.792877796378025,Rurale-Non-connectée (H-Ile),Proche,Rurale,Élevée,Moyenne,Moyenne,Élevée,Sud,Petite,Aucune institution formelle,Moyenne
C-098,Arniquet,Port-Salut,HT0723,1,0,0,0,0,1,35951,59.29,0.7,26.24,12.26,63.65,3.24,98.72,89.94,2.58,67.28,8.95,0.976,0.187171427776696,606.3585764884466,0.5563127590331284,2,4.888632036986674,Rurale-Non-connectée (H-Ile),Proche,Rurale,Élevée,Faible,Moyenne,Élevée,Sud,Petite,Caisse populaire uniquement,Grande
C-099,Aquin,Aquin,HT0731,38,46,0,0,3,0,128543,638.59,3.92,23.97,18.21,68.44,3.84,92.84,61.56,3.7,70.13,10.8,0.797,0.3357553503496884,201.29190873643492,6.768163182748185,3,4.465003994581264,Rurale-Connectée (RN),Éloigné,Mi-urbaine,Faible,Élevée,Moyenne,Élevée,Sud,Grande,Microfinance sans banque,Moyenne
C-100,Saint-Louis-du-Sud,Aquin,HT0732,5,11,0,0,0,1,80083,185.71,0.64,17.41,15.05,82.91,3.07,73.81,82.45,3.13,61.87,11.0,0.497,0.1511431889414732,431.2261052178127,2.122797597492601,3,5.007065149431036,Rurale-Non-connectée (H-Ile),Éloigné,Rurale,Élevée,Moyenne,Moyenne,Moyenne,Sud,Grande,Caisse populaire uniquement,Grande
C-101,Cavaillon,Aquin,HT0733,4,13,0,0,0,1,60012,214.97,0.48,23.56,15.14,82.34,2.94,100.0,74.99,2.74,67.86,9.25,0.663,0.1390721855628874,279.1645345862213,2.9994001199760048,3,4.288102893890676,Rurale-Non-connectée (H-Ile),Proche,Rurale,Moyenne,Moyenne,Moyenne,Moyenne,Sud,Moyenne,Caisse populaire uniquement,Petite
C-102,Côteaux,Côteaux,HT0741,2,4,0,0,1,1,26261,74.36,1.51,22.85,10.52,50.86,4.39,86.3,75.28,14.72,95.19,43.97,0.54,0.6117817295609459,353.1603012372243,3.046342485053882,4,4.664476021314387,Urbaine-Non-connectée (H-Ile),Éloigné,Mi-urbaine,Moyenne,Moyenne,Élevée,Moyenne,Sud,Petite,Microfinance sans banque,Moyenne
C-103,Port-à-Piment,Côteaux,HT0742,1,2,0,0,0,2,23336,60.28,3.38,24.56,6.96,38.63,3.48,100.0,70.73,17.44,73.92,48.03,0.936,0.72617415152554,387.1267418712674,2.142612272883099,3,5.028226675285499,Urbaine-Non-connectée (H-Ile),Éloigné,Urbaine,Moyenne,Moyenne,Moyenne,Élevée,Sud,Petite,Caisse populaire uniquement,Grande
C-104,Roche-à-Bateau,Côteaux,HT0743,1,4,0,0,0,0,22675,46.54,0.97,21.66,12.81,83.23,2.26,73.43,63.49,3.42,70.0,11.39,0.66,0.4366923925027563,487.2152986678127,2.2050716648291067,2,5.128930106310789,Rurale-Non-connectée (H-Ile),Proche,Mi-urbaine,Élevée,Moyenne,Moyenne,Moyenne,Sud,Petite,Aucune institution formelle,Grande
C-105,Chardonnières,Chardonnières,HT0751,1,10,0,0,0,1,31100,117.04,2.22,30.28,9.16,50.02,4.81,90.48,61.54,11.7,92.93,38.59,0.243,0.6163665594855305,265.72112098427885,3.858520900321544,3,5.117656738522297,Urbaine-Non-connectée (H-Ile),Moyen,Mi-urbaine,Faible,Élevée,Moyenne,Faible,Sud,Petite,Caisse populaire uniquement,Grande
C-106,Les Anglais,Chardonnières,HT0752,1,3,0,0,0,0,36843,118.04,1.5,24.17,9.02,63.77,3.34,83.24,90.67,18.68,73.61,41.06,0.728,0.6049724506690551,312.12300914944086,1.0856879190076814,2,5.480142793395806,Urbaine-Non-connectée (H-Ile),Proche,Mi-urbaine,Moyenne,Faible,Moyenne,Élevée,Sud,Petite,Aucune institution formelle,Grande
C-107,Tiburon,Chardonnières,HT0753,1,1,0,0,0,0,28691,147.21,2.13,24.42,7.67,51.24,3.66,79.39,73.23,17.17,97.8,41.97,0.683,0.6897633404203408,194.89844439915765,0.6970827088634066,2,4.968998960859024,Urbaine-Non-connectée (H-Ile),Proche,Mi-urbaine,Faible,Faible,Moyenne,Moyenne,Sud,Petite,Aucune institution formelle,Grande
C-108,Jérémie,Jérémie,HT0811,11,44,3,1,3,1,163731,427.22,5.37,14.21,3.58,42.25,5.15,87.14,78.31,14.66,84.92,43.37,0.764,0.5810567333003525,383.2475071391789,3.847774703629734,6,4.751610656451332,Urbaine-Connectée (RN),Proche,Mi-urbaine,Moyenne,Élevée,Élevée,Élevée,Grand'Anse,Grande,Pôle financier complet,Moyenne
C-109,Abricots,Jérémie,HT0812,1,5,0,0,0,1,45904,102.89,0.15,27.61,11.8,80.1,3.47,100.0,86.96,2.46,68.27,12.83,0.328,0.0882493900313698,446.1463699096122,1.5249215754618335,3,5.198052315706035,Rurale-Non-connectée (H-Ile),Moyen,Rurale,Élevée,Faible,Moyenne,Faible,Grand'Anse,Moyenne,Caisse populaire uniquement,Grande
C-110,Bonbon,Jérémie,HT0813,1,1,0,0,0,0,10487,31.88,0.42,26.07,12.03,100.0,3.46,95.0,67.56,3.47,48.91,11.45,0.484,0.3943930580718985,328.952321204517,1.9071231047964148,2,4.632067137809187,Rurale-Non-connectée (H-Ile),Proche,Mi-urbaine,Moyenne,Moyenne,Moyenne,Moyenne,Grand'Anse,Petite,Aucune institution formelle,Moyenne
C-111,Moron,Jérémie,HT0814,1,2,0,0,0,0,37966,182.9,0.85,25.59,9.08,87.1,2.9,81.96,76.57,3.21,66.08,8.69,0.93,0.2574408681451825,207.5779114270093,0.7901806879839857,2,5.041965471447544,Rurale-Non-connectée (H-Ile),Proche,Rurale,Faible,Faible,Moyenne,Élevée,Grand'Anse,Moyenne,Aucune institution formelle,Grande
C-112,Chambellan,Jérémie,HT0815,1,5,0,0,0,0,32251,73.13,0.21,26.65,12.94,79.9,2.68,67.49,72.49,2.34,73.9,10.07,0.906,0.3577253418498651,441.0091617667168,1.8604074292270008,2,5.309680605861047,Rurale-Non-connectée (H-Ile),Proche,Mi-urbaine,Élevée,Moyenne,Moyenne,Élevée,Grand'Anse,Petite,Aucune institution formelle,Grande
C-113,Anse-d'Hainault,Anse-d'Hainault,HT0821,3,7,0,0,1,2,44354,94.03,1.39,17.14,7.78,60.91,3.71,68.99,59.5,14.48,100.0,43.05,0.625,0.6196058980024349,471.700521110284,2.9309645127835147,4,5.087051267347173,Urbaine-Non-connectée (H-Ile),Éloigné,Mi-urbaine,Élevée,Moyenne,Élevée,Moyenne,Grand'Anse,Moyenne,Microfinance sans banque,Grande
C-114,Dame-Marie,Anse-d'Hainault,HT0822,5,4,0,0,0,1,47226,102.16,1.86,17.27,8.66,42.62,4.01,85.52,70.0,22.03,91.16,49.08,0.181,0.52458391563969,462.27486296006265,2.1174776606106804,3,4.833282161498311,Urbaine-Non-connectée (H-Ile),Proche,Mi-urbaine,Élevée,Moyenne,Moyenne,Faible,Grand'Anse,Moyenne,Caisse populaire uniquement,Moyenne
C-115,Les Irois,Anse-d'Hainault,HT0823,2,3,0,0,0,0,28470,130.33,1.92,23.33,8.39,48.07,3.97,84.16,78.35,15.04,98.19,50.18,0.178,0.5953284158763611,218.4454845392465,1.7562346329469618,2,4.866666666666666,Urbaine-Non-connectée (H-Ile),Éloigné,Mi-urbaine,Faible,Moyenne,Moyenne,Faible,Grand'Anse,Petite,Aucune institution formelle,Grande
C-116,Corail,Corail,HT0831,2,8,0,0,0,0,23841,108.51,0.53,30.86,20.23,48.56,3.59,90.84,61.98,2.67,57.3,13.93,0.67,0.4360555345832809,219.71246889687583,4.194454930581771,2,4.473822480765622,Rurale-Connectée (RN),Éloigné,Mi-urbaine,Faible,Élevée,Moyenne,Moyenne,Grand'Anse,Petite,Aucune institution formelle,Moyenne
C-117,Roseaux,Corail,HT0832,1,11,0,0,0,0,43563,216.81,2.17,26.09,11.72,98.62,3.56,61.3,68.49,2.55,68.67,11.22,0.956,0.1404632371507931,200.9270790092708,2.754631223744921,2,4.121381267738884,Rurale-Non-connectée (H-Ile),Éloigné,Rurale,Faible,Moyenne,Moyenne,Élevée,Grand'Anse,Moyenne,Aucune institution formelle,Petite
C-118,Beaumont,Corail,HT0833,2,8,0,0,1,1,38487,155.34,1.51,24.07,13.19,96.24,2.57,91.72,70.13,3.8,82.82,12.26,0.658,0.3792709226492062,247.759752800309,3.117935926416712,4,4.456577119036591,Rurale-Non-connectée (H-Ile),Proche,Mi-urbaine,Faible,Moyenne,Élevée,Moyenne,Grand'Anse,Moyenne,Microfinance sans banque,Petite
C-119,Pestel,Corail,HT0834,2,17,0,0,0,1,54407,286.77,0.29,26.09,11.45,82.91,3.8,100.0,94.8,3.38,60.68,8.6,0.546,0.2714356608524638,189.7234717718032,3.6759975738416015,3,4.497189618118697,Rurale-Non-connectée (H-Ile),Proche,Rurale,Faible,Élevée,Moyenne,Moyenne,Grand'Anse,Moyenne,Caisse populaire uniquement,Moyenne
C-120,Port-de-Paix,Port-de-Paix,HT0911,35,60,4,1,4,3,223073,351.75,7.82,19.19,6.33,58.97,3.89,100.0,52.19,18.17,96.16,44.71,0.588,0.8188306070210201,634.18052594172,4.796636078772419,6,4.94213173228172,Urbaine-Non-connectée (H-Ile),Proche,Urbaine,Élevée,Élevée,Élevée,Moyenne,Nord-Ouest,Grande,Pôle financier complet,Grande
C-121,La Tortue,Port-de-Paix,HT0912,4,8,0,0,0,0,42504,179.94,3.84,23.96,12.81,60.08,4.6,66.57,77.42,3.11,77.7,9.23,0.444,0.168266516092603,236.2120706902301,2.82326369282891,2,5.0300591715976335,Rurale-Non-connectée (H-Ile),Proche,Rurale,Faible,Moyenne,Moyenne,Moyenne,Nord-Ouest,Moyenne,Aucune institution formelle,Grande
C-122,Bassin-Bleu,Port-de-Paix,HT0913,2,7,0,0,0,0,69383,214.83,1.79,19.17,10.37,75.72,3.55,81.82,69.26,3.56,72.88,10.9,0.925,0.2767536716486747,322.96699716054553,1.2971477162993816,2,5.103192115328038,Rurale-Non-connectée (H-Ile),Moyen,Rurale,Moyenne,Faible,Moyenne,Élevée,Nord-Ouest,Grande,Aucune institution formelle,Grande
C-123,Chansolme,Port-de-Paix,HT0914,2,3,0,0,0,0,33205,53.19,0.69,25.39,9.46,99.35,3.05,81.08,65.08,2.62,66.55,16.0,0.342,0.2393615419364553,624.2714796014288,1.505797319680771,2,5.042520880789674,Rurale-Non-connectée (H-Ile),Proche,Rurale,Élevée,Faible,Moyenne,Faible,Nord-Ouest,Petite,Aucune institution formelle,Grande
C-124,Saint-Louis-du-Nord,Saint-Louis-du-Nord,HT0921,9,25,0,0,0,2,127244,125.6,2.91,16.95,6.86,58.94,3.77,95.03,69.0,15.37,71.57,43.91,0.22,0.6135770645374241,1013.0891719745224,2.8292100216906104,3,5.349758250998528,Urbaine-Non-connectée (H-Ile),Éloigné,Mi-urbaine,Élevée,Moyenne,Moyenne,Faible,Nord-Ouest,Grande,Caisse populaire uniquement,Grande
C-125,Anse-à-Foleur,Saint-Louis-du-Nord,HT0922,3,3,0,0,0,0,33045,62.14,0.56,25.25,12.3,71.67,3.38,75.98,79.21,3.13,88.64,9.57,0.258,0.4841277046451808,531.7830704859994,1.8157058556513843,2,5.200661000944287,Rurale-Non-connectée (H-Ile),Éloigné,Mi-urbaine,Élevée,Moyenne,Moyenne,Faible,Nord-Ouest,Petite,Aucune institution formelle,Grande
C-126,Môle-Saint-Nicolas,Môle-Saint-Nicolas,HT0931,3,5,0,0,0,1,37029,227.07,0.46,18.71,11.63,57.65,3.78,100.0,79.82,3.62,76.63,11.67,0.358,0.3012773771908504,163.07306117056416,2.430527424451106,3,5.113090306545153,Rurale-Non-connectée (H-Ile),Éloigné,Mi-urbaine,Faible,Moyenne,Moyenne,Faible,Nord-Ouest,Moyenne,Caisse populaire uniquement,Grande
C-127,Baie-de-Henne,Môle-Saint-Nicolas,HT0932,2,2,0,0,0,2,29834,203.72,0.73,22.62,8.03,94.51,3.56,93.61,74.01,3.14,73.58,10.15,0.874,0.2499162029898773,146.4461024936187,2.011128242944292,3,4.81038374717833,Rurale-Non-connectée (H-Ile),Éloigné,Rurale,Faible,Moyenne,Moyenne,Élevée,Nord-Ouest,Petite,Caisse populaire uniquement,Moyenne
C-128,Bombardopolis,Môle-Saint-Nicolas,HT0933,5,4,0,0,0,0,39397,196.51,0.39,27.22,11.12,77.48,2.88,91.28,83.8,2.72,65.67,9.41,0.539,0.2472269462141787,200.4834359574577,2.284437901363048,2,4.369191527115449,Rurale-Non-connectée (H-Ile),Proche,Rurale,Faible,Moyenne,Moyenne,Moyenne,Nord-Ouest,Moyenne,Aucune institution formelle,Petite
C-129,Jean-Rabel,Môle-Saint-Nicolas,HT0934,11,22,0,0,1,4,162299,488.13,1.82,24.82,13.87,57.67,2.68,100.0,85.7,3.03,70.4,14.47,0.464,0.2323859050271412,332.4913445188782,2.3413576177302384,4,4.795219523725108,Rurale-Non-connectée (H-Ile),Éloigné,Rurale,Moyenne,Moyenne,Élevée,Moyenne,Nord-Ouest,Grande,Microfinance sans banque,Moyenne
C-130,Miragoâne,Miragoâne,HT1011,16,25,1,2,2,0,73607,185.87,3.78,10.39,2.8,42.72,4.29,93.77,75.2,11.23,86.08,48.72,0.779,0.5018680288559512,396.0133426588476,6.249405627182198,5,4.063990724381625,Urbaine-Connectée (RN),Proche,Mi-urbaine,Moyenne,Élevée,Élevée,Élevée,Nippes,Grande,Pôle financier complet,Petite
C-131,Petite-Rivière-de-Nippes,Miragoâne,HT1012,3,10,0,0,1,1,33595,93.7,1.7,21.58,11.51,63.3,4.29,98.58,66.1,1.96,74.2,11.57,0.268,0.3159696383390385,358.5378868729989,4.464950141390087,4,4.314241684859381,Rurale-Non-connectée (H-Ile),Proche,Mi-urbaine,Moyenne,Élevée,Élevée,Faible,Nippes,Petite,Microfinance sans banque,Petite
C-132,Fonds-des-Nègres,Miragoâne,HT1013,2,19,1,0,2,2,39339,92.23,3.36,18.6,13.65,76.75,3.59,82.53,77.34,3.37,77.71,10.35,0.589,0.3609649457281578,426.5314973435975,6.609217316149368,5,4.325819221464702,Rurale-Non-connectée (H-Ile),Proche,Mi-urbaine,Élevée,Élevée,Élevée,Moyenne,Nippes,Moyenne,Bancarisé,Petite
C-133,Paillant,Miragoâne,HT1014,2,21,3,0,2,1,20403,63.27,1.79,17.9,13.21,80.74,3.98,73.88,77.39,2.83,61.78,10.49,0.435,0.1736999460863598,322.47510668563297,14.21359603979807,5,4.447035745422842,Rurale-Non-connectée (H-Ile),Proche,Rurale,Moyenne,Élevée,Élevée,Moyenne,Nippes,Petite,Bancarisé,Petite
C-134,Anse-à-Veau,Anse-à-Veau,HT1021,2,4,0,0,0,0,40724,103.23,10.64,32.36,22.72,72.02,4.46,85.39,58.8,2.88,54.6,13.55,0.721,0.3955161575483744,394.4977235299816,1.4733326785188094,2,4.166990688631945,Rurale-Connectée (RN),Proche,Mi-urbaine,Moyenne,Faible,Moyenne,Élevée,Nippes,Moyenne,Aucune institution formelle,Petite
C-135,Petit-Trou-de-Nippes,Anse-à-Veau,HT1022,2,4,0,0,0,0,35270,153.19,18.46,25.58,4.73,64.54,3.95,100.0,55.05,16.87,85.06,43.93,0.635,0.505585483413666,230.2369606371173,1.7011624610150269,2,4.151365348399247,Urbaine-Non-connectée (H-Ile),Éloigné,Mi-urbaine,Faible,Faible,Moyenne,Moyenne,Nippes,Petite,Aucune institution formelle,Petite
C-136,L'Asile,Anse-à-Veau,HT1023,10,12,0,0,0,1,48332,153.82,10.01,25.59,14.87,79.23,3.12,100.0,50.15,3.63,51.65,5.91,0.429,0.2335305801539352,314.2114159407099,4.758751965571465,3,4.420340223157124,Rurale-Non-connectée (H-Ile),Proche,Rurale,Moyenne,Élevée,Moyenne,Moyenne,Nippes,Moyenne,Caisse populaire uniquement,Petite
C-137,Arnaud,Anse-à-Veau,HT1024,1,7,0,0,0,0,24376,77.29,2.89,26.17,12.93,90.78,3.65,96.83,72.75,3.24,66.6,14.99,0.503,0.3059156547423695,315.3836201319705,3.281916639317361,2,4.103703703703704,Rurale-Non-connectée (H-Ile),Proche,Mi-urbaine,Moyenne,Moyenne,Moyenne,Moyenne,Nippes,Petite,Aucune institution formelle,Petite
C-138,Plaisance-du-Sud,Anse-à-Veau,HT1025,0,2,0,0,0,0,32044,107.97,8.25,23.96,16.16,74.1,4.19,79.38,75.22,3.87,64.65,11.3,0.399,0.2748720509299713,296.7861442993424,0.6241418050181001,1,4.069596139192279,Rurale-Non-connectée (H-Ile),Proche,Rurale,Moyenne,Faible,Faible,Faible,Nippes,Petite,Aucune institution formelle,Petite
C-139,Baradères,Baradères,HT1031,1,4,0,0,0,0,48510,192.71,3.57,23.02,10.42,100.0,3.83,100.0,59.24,3.23,75.16,11.57,0.411,0.260585446299732,251.7253904831093,1.030715316429602,2,4.208015267175573,Rurale-Non-connectée (H-Ile),Moyen,Rurale,Faible,Faible,Moyenne,Faible,Nippes,Moyenne,Aucune institution formelle,Petite
C-140,Grand-Boucan,Baradères,HT1032,0,1,0,0,0,0,6845,44.49,4.95,19.8,5.96,52.91,4.23,74.06,83.3,15.68,100.0,48.85,0.504,0.8904309715120526,153.85479883119802,1.460920379839299,1,3.998247663551402,Urbaine-Non-connectée (H-Ile),Proche,Urbaine,Faible,Faible,Faible,Moyenne,Nippes,Petite,Aucune institution formelle,Petite
