osm_id;osm_type;type_service;name;operator;network;latitude;longitude;adm2_name;adm2_pcode;adm1_name;addr_city;addr_street;phone;opening_hours;website
615050968;node;Banque commerciale;inconnu;Banque Nationale de Crédit;N/R;19.758745;-72.199603;Cap-Haitien;HT0311;Nord;;;;Mo-Sa 08:00-18:00;
616073726;node;IMF;Inter-American Cooperative Food Production Service;N/R;N/R;18.192405;-73.751932;Les Cayes;HT0711;Sud;;;;;
616838862;node;Maison de transfert;Western Union;N/R;N/R;18.508615;-72.62948;Leogane;HT0121;Ouest;;;;;
618278468;node;Maison de transfert;Western Union;N/R;N/R;18.428009;-72.860178;Petit-Goave;HT0122;Ouest;;;;;
618291030;node;Banque commerciale;Soge Bank;N/R;N/R;18.431317;-72.867377;Petit-Goave;HT0122;Ouest;;;;;
618291421;node;Banque commerciale;Banque Nationale;N/R;N/R;18.430116;-72.868809;Petit-Goave;HT0122;Ouest;;;;;
618291791;node;Banque commerciale;Soge Bank;N/R;N/R;18.430533;-72.868809;Petit-Goave;HT0122;Ouest;;;;;
618292220;node;Banque commerciale;UNIBANK;N/R;N/R;18.430004;-72.868374;Petit-Goave;HT0122;Ouest;;;;;
619570381;node;Banque commerciale;N/R;Sogebank;N/R;18.194952;-73.748006;Les Cayes;HT0711;Sud;;;;;
912323356;node;Banque commerciale;N/R;N/R;N/R;18.53911;-72.302051;Port-au-Prince;HT0111;Ouest;;;;;
956849914;node;Banque commerciale;Sogebank Succursale de Freres;Sogebank S.A.;N/R;18.527003;-72.276886;Petion-Ville;HT0114;Ouest;;Route de Frères (Delmas 105);;;
956852342;node;Maison de transfert;N/R;"Western Union;Sogexpress";N/R;18.526039;-72.265832;Petion-Ville;HT0114;Ouest;;;;;
970302759;node;Banque commerciale;Sogebank;N/R;N/R;18.512541;-72.288052;Petion-Ville;HT0114;Ouest;;Rue Louverture;;;
970302763;node;Banque commerciale;N/R;sogebank;N/R;18.512604;-72.288006;Petion-Ville;HT0114;Ouest;;Rue Louverture;;;
986198607;node;Banque commerciale;Socolavim;N/R;N/R;18.950579;-72.706636;Saint-Marc;HT0531;Artibonite;;;;;
1077369690;node;Bureau de change;CAM transfer;N/R;N/R;18.234736;-72.535151;Jacmel;HT0211;Sud-Est;;;;;
1080579041;node;Banque commerciale;UniCarte;UniBank;N/R;18.514217;-72.288372;Petion-Ville;HT0114;Ouest;;rue Faubert;;;
1102138983;node;Banque commerciale;SogeBank;N/R;N/R;18.537938;-72.295441;Delmas;HT0112;Ouest;;;;;
1102139023;node;Banque commerciale;Banque Union Haitienne;N/R;N/R;18.54072;-72.297797;Delmas;HT0112;Ouest;;;;;
1108073763;node;Banque commerciale;cam transfer;N/R;N/R;18.238894;-72.538273;Jacmel;HT0211;Sud-Est;;rue seymour pradel;;Mo-Fr 08:30-20:00;
1108073909;node;Banque commerciale;unibank;N/R;N/R;18.239442;-72.539015;Jacmel;HT0211;Sud-Est;;rue avenue de la liberte;;Mo-Fr 08:30-20:00;
1108073942;node;Banque commerciale;b n c;N/R;N/R;18.239539;-72.539377;Jacmel;HT0211;Sud-Est;;rue avenue de la liberte;;Mo-Fr 08:30-20:00;
1108074031;node;Banque commerciale;soge bank;N/R;N/R;18.239294;-72.538745;Jacmel;HT0211;Sud-Est;;rue avenue de la liberte;;Mo-Fr 08:30-20:00;
1108074043;node;Banque commerciale;N/R;ona;N/R;18.23738;-72.537582;Jacmel;HT0211;Sud-Est;;Rue Petion;;Mo-Fr 08:30-16:00;
1108319246;node;IMF;Bureau Fonkoze et Money Gram Transfert;N/R;N/R;18.6653;-71.885012;Cornillon / Grand Bois;HT0134;Ouest;;;;;
1108339278;node;Bureau de change;CAM;N/R;N/R;19.669936;-72.678706;Gros Morne;HT0521;Artibonite;;;;;
1109574141;node;Maison de transfert;cam et western union;N/R;N/R;18.553745;-72.315832;Delmas;HT0112;Ouest;;;;Mo-Fr 08:30-20:00;
1109629984;node;Autre (vending_machine);N/R;digicel;N/R;18.54854;-72.305334;Delmas;HT0112;Ouest;;;;;
1120069778;node;Banque commerciale;Unibank;N/R;N/R;18.528058;-72.27386;Petion-Ville;HT0114;Ouest;;Rte de Freres;;;
1124105298;node;Autre (telephone);N/R;digicel;N/R;18.236404;-72.535361;Jacmel;HT0211;Sud-Est;;ave barranquilla;;;
1126780802;node;Maison de transfert;Western Union;Western Union;N/R;18.23669;-72.532718;Jacmel;HT0211;Sud-Est;jacmel;ave.barranquilla;37-64-52-82;Mo-Fr 08:30-20:00;
1126855054;node;IMF;bureau central jacmel-mikro credit;N/R;N/R;18.237038;-72.537489;Jacmel;HT0211;Sud-Est;;ave la liberte;;;
1126855633;node;Maison de transfert;bureau cam transfert;N/R;N/R;18.23649;-72.537651;Jacmel;HT0211;Sud-Est;;ave la liberte;;24/7;
1141397582;node;Maison de transfert;N/R;western union;N/R;18.235834;-72.535907;Jacmel;HT0211;Sud-Est;jacmel;rue dauphine;;;
1144218381;node;Banque commerciale;bnc;N/R;N/R;18.50904;-72.630521;Leogane;HT0121;Ouest;leogane;grand rue;;"Tu-Su 08:00-15:00;Sa 08:00-12:00";
1144601819;node;Maison de transfert;unitransfere;N/R;N/R;18.268094;-72.665072;La Vallee;HT0214;Sud-Est;la vallé Jacmel;ridore;;;
1144603521;node;Maison de transfert;N/R;western union;N/R;18.183256;-72.753108;Bainet;HT0221;Sud-Est;bainet;5eme bas grandour;;;
1144604393;node;Banque commerciale;N/R;cam;N/R;18.183117;-72.753484;Bainet;HT0221;Sud-Est;ht;5eme bas grandour;;;
1146396997;node;Non classifié;antenne;digicel;N/R;18.244159;-72.537796;Jacmel;HT0211;Sud-Est;jacmel;rue st helene;;;
1153343874;node;Non classifié;N/R;digicel;N/R;18.230181;-72.495965;Jacmel;HT0211;Sud-Est;jacmel;bayard 2;;;
1155066311;node;Bureau de change;phillippe agent de change;N/R;N/R;18.227336;-72.465455;Jacmel;HT0211;Sud-Est;jacmel;cyvadier;;;
1155252492;node;Autre (antenna);pylonne communication;natcom;N/R;19.43632;-72.683788;Gonaives;HT0511;Artibonite;2em citee chretienne;;;;
1156831596;node;IMF;Centre de Formation d'Education Civique d'Assistance Communautaires aux Coopératives (CEFECACC) #18;N/R;N/R;18.496121;-72.584797;Leogane;HT0121;Ouest;leogane;mathieu ruelle nan rezon;;;
1157678606;node;IMF;direction generale des impots et agence locale de cayes jacmel;N/R;N/R;18.230633;-72.395094;Cayes-Jacmel;HT0213;Sud-Est;jacmel;;;;
1158010333;node;Non classifié;antenne;digicel;N/R;18.20715;-72.571896;Jacmel;HT0211;Sud-Est;jacmel;;;;
1158012518;node;Maison de transfert;unitransfer;N/R;N/R;18.216786;-72.622744;Jacmel;HT0211;Sud-Est;jacmel;la croix;;;
1158029205;node;Non classifié;N/R;digicel;N/R;18.23213;-72.400258;Cayes-Jacmel;HT0213;Sud-Est;jacmel;;;;
1158032608;node;Non classifié;N/R;digicel;N/R;18.230525;-72.39894;Cayes-Jacmel;HT0213;Sud-Est;jacmel;rue salomon;;;
1159387360;node;Non classifié;N/R;digicel;N/R;18.254692;-72.400941;Cayes-Jacmel;HT0213;Sud-Est;jacmel;;;;
1159778818;node;Maison de transfert;sogexpress;N/R;N/R;19.448042;-72.693217;Gonaives;HT0511;Artibonite;;;;Mo-Sa 08:00-16:00;
1159779439;node;Banque commerciale;Capital Bank;Capital Bank;N/R;19.447462;-72.694878;Gonaives;HT0511;Artibonite;;;;Mo-Sa 08:00-16:00;
1159779905;node;Banque commerciale;sogebank;N/R;N/R;19.448037;-72.694629;Gonaives;HT0511;Artibonite;;;;Mo-Sa 08:00-16:00;
1159780189;node;IMF;fonkoze;N/R;N/R;19.448225;-72.694658;Gonaives;HT0511;Artibonite;;;;Mo-Sa 08:00-16:00;
1159780421;node;Banque commerciale;banque de l'union haitienne;N/R;N/R;19.44733;-72.69466;Gonaives;HT0511;Artibonite;;;;Mo-Sa 08:00-16:00;
1159938884;node;Bureau de change;union des freres bureau d'echange;N/R;N/R;19.441627;-72.674096;Gonaives;HT0511;Artibonite;;;;7:00-17:00;
1166411848;node;Bureau de change;bureau agricole communal de marigot;agencia espanol cooperacion international;N/R;18.23552;-72.316047;Marigot;HT0212;Sud-Est;jacmel;bois thomas;;;
1167024498;node;IMF;caisse populaire de peredo;N/R;N/R;18.24746;-72.303897;Marigot;HT0212;Sud-Est;jacmel;peredo;;;
1167059183;node;IMF;bureau fonkoze de marigot;N/R;N/R;18.232214;-72.32157;Marigot;HT0212;Sud-Est;;;;;
1170965053;node;IMF;caisse populaire ressource confiance de marigot;N/R;N/R;18.23386;-72.315195;Marigot;HT0212;Sud-Est;marigot;rue fesles;37-09-56-33;;
1171583252;node;Non classifié;N/R;Digicel;N/R;19.439429;-72.660534;Gonaives;HT0511;Artibonite;Route Nationale, pont gaudin;;;;
1171584366;node;Maison de transfert;CAM transfert;N/R;N/R;19.467782;-72.674644;Gonaives;HT0511;Artibonite;Route nationale #1 Gatreau;;;24/7;
1171584799;node;Maison de transfert;western union;N/R;N/R;19.443592;-72.680154;Gonaives;HT0511;Artibonite;Route Nationale, Descahos;;;24/7;
1171588107;node;Maison de transfert;Western Union;Western Union;N/R;19.444025;-72.681736;Gonaives;HT0511;Artibonite;Route Nationale, Descahos;;;24/7;
1171591150;node;Maison de transfert;Western Union;N/R;N/R;19.443405;-72.679582;Gonaives;HT0511;Artibonite;Route Nationale, Carrfou SEPRNN;;;Mo-Fr 08:30-20:00;
1171591565;node;IMF;Caisse populaire CAPOFRAGO;N/R;N/R;19.444118;-72.682376;Gonaives;HT0511;Artibonite;Route Nationale, Descahos;;;24/7;
1171592881;node;Maison de transfert;Western Union;Western Union;N/R;19.451033;-72.684647;Gonaives;HT0511;Artibonite;Route Dattes;;;24/7;
1172624006;node;Non classifié;anterne;digicel;N/R;18.265774;-72.559455;Jacmel;HT0211;Sud-Est;jacmel;la voute;;;
1179356698;node;Maison de transfert;western union;N/R;N/R;18.579477;-72.226916;Croix-Des-Bouquets;HT0131;Ouest;;rue stenio;;24/7;
1179396303;node;Banque commerciale;BNC;N/R;N/R;18.577153;-72.228487;Croix-Des-Bouquets;HT0131;Ouest;;;;;
1179396306;node;Banque commerciale;unibank;N/R;N/R;18.576996;-72.228545;Croix-Des-Bouquets;HT0131;Ouest;;;;;
1179396354;node;Maison de transfert;Western Union;N/R;N/R;18.577461;-72.226662;Croix-Des-Bouquets;HT0131;Ouest;;route nationale #3;;;
1179396363;node;Banque commerciale;Sogebank;N/R;N/R;18.577491;-72.226439;Croix-Des-Bouquets;HT0131;Ouest;;route nationale #3;;;
1181182536;node;Bureau de change;Piramide bureau de change;N/R;N/R;18.578476;-72.225439;Croix-Des-Bouquets;HT0131;Ouest;;;;;
1183574568;node;Maison de transfert;western union sogexpress;N/R;N/R;19.447028;-72.690491;Gonaives;HT0511;Artibonite;;;;8:00-3:00;
1203000272;node;Banque commerciale;Unibank;N/R;N/R;18.53669;-72.293836;Delmas;HT0112;Ouest;;;;;
1203000286;node;Maison de transfert;Western Union;N/R;N/R;18.53791;-72.295424;Delmas;HT0112;Ouest;;;;;
1215864041;node;Maison de transfert;SogeXPress;N/R;N/R;18.512855;-72.289304;Petion-Ville;HT0114;Ouest;;Rue Louverture;;;
1227254817;node;Non classifié;pylone natcom;natcom;N/R;19.467242;-72.639935;Gonaives;HT0511;Artibonite;gonaives/1ere section haut descordes;;;;
1229710620;node;IMF;Cooperative Vincent Oge ( COOPACVAD);N/R;N/R;19.526434;-72.242124;Dondon;HT0342;Nord;;rue vincent oge Matador (dondon);;;
1231052993;node;Bureau de change;Orival meli melo bureau de change;N/R;N/R;19.302259;-72.609654;L'Estere;HT0513;Artibonite;Route nationale no1,boulevard jn jacques;;38147002;"Tu-Su 08:00-15:00;Sa 08:00-12:00";
1244243036;node;Bureau de change;Secours de l'Éternel;N/R;N/R;19.261667;-72.517841;Dessalines;HT0541;Artibonite;marchand dessalines;#4, rue charlotin;3444-9211/3113-2853;;
1244243407;node;IMF;Soco Lavim Caisse Populaire;N/R;N/R;19.262678;-72.515518;Dessalines;HT0541;Artibonite;marchand dessalines;"#52;rue dupuy";3752-5555;;
1250350134;node;Banque commerciale;Scotiabank;N/R;N/R;18.512687;-72.285341;Petion-Ville;HT0114;Ouest;Petion-Ville;Rue Louverture;;;
1250350153;node;Banque commerciale;Sogebank Rue Darguin;N/R;N/R;18.513599;-72.285332;Petion-Ville;HT0114;Ouest;Petion-Ville;Rue Darguin;;;
1252037983;node;Banque commerciale;Capital Bank;Capital Bank;N/R;18.512585;-72.287386;Petion-Ville;HT0114;Ouest;Pétion-Ville;Rue Lamarre;;;
1255966263;node;Banque commerciale;N/R;SogeBank;N/R;18.577243;-72.278498;Tabarre;HT0118;Ouest;;;;;
1268096470;node;Banque commerciale;Unibank;N/R;N/R;18.644972;-74.113186;Jeremie;HT0811;Grand'Anse;;;;;
1268131263;node;Bureau de change;Intransfer;N/R;N/R;18.645826;-74.113644;Jeremie;HT0811;Grand'Anse;;;;;
1268278577;node;Banque commerciale;Banque Nationale de Crédit (BNC);BNC;N/R;18.643015;-74.113741;Jeremie;HT0811;Grand'Anse;;;;;
1315816832;node;Banque commerciale;SogeBel;N/R;N/R;18.56486;-72.313541;Delmas;HT0112;Ouest;;Blvd Toussaint Louverture;;;
1315816848;node;Banque commerciale;Citi;N/R;N/R;18.567875;-72.311771;Delmas;HT0112;Ouest;;Blvd Toussaint Louverture;;;
1315816850;node;Banque commerciale;Capital Bank;N/R;N/R;18.569407;-72.310397;Delmas;HT0112;Ouest;;Blvd Toussaint Louverture;;;
1316377404;node;Non classifié;N/R;Digicel;N/R;18.532982;-72.323362;Port-au-Prince;HT0111;Ouest;;;;;
1422385006;node;Bureau de change;N/R;N/R;N/R;18.57309;-72.280814;Tabarre;HT0118;Ouest;;;;;
1424207020;node;Banque commerciale;Unibank;Unibank;N/R;18.533561;-72.333757;Port-au-Prince;HT0111;Ouest;;;;;
1427537083;node;Maison de transfert;SogeXpress;N/R;N/R;18.58473;-72.27386;Tabarre;HT0118;Ouest;;;;;
1444587331;node;Non classifié;N/R;Digicel;N/R;18.368272;-72.584949;Leogane;HT0121;Ouest;;;;;
1448369108;node;Banque commerciale;N/R;SogeBank;N/R;18.57804;-72.275279;Tabarre;HT0118;Ouest;;;;;
1449499433;node;Banque commerciale;BNC;N/R;N/R;18.54849;-72.306761;Delmas;HT0112;Ouest;;;;;
1535360916;node;Banque commerciale;Sogebank;N/R;N/R;18.234547;-72.53749;Jacmel;HT0211;Sud-Est;;Avenue de la Liberté;;;
1535369935;node;Banque commerciale;Unibank;N/R;N/R;18.23522;-72.537978;Jacmel;HT0211;Sud-Est;;;;;
1535373035;node;Banque commerciale;Banque National de Credit;N/R;N/R;18.235816;-72.537899;Jacmel;HT0211;Sud-Est;;;;;
1546658877;node;Banque commerciale;N/R;Sogebank;N/R;19.108385;-72.701143;Saint-Marc;HT0531;Artibonite;;Rue Armand Thoby;;;
1601680548;node;Bureau de change;Bureau de Saint Marc;N/R;N/R;19.114908;-72.695138;Saint-Marc;HT0531;Artibonite;;;;;
1603596890;node;Banque commerciale;BNC;N/R;N/R;19.109697;-72.700834;Saint-Marc;HT0531;Artibonite;;Pivert;;;
1603668359;node;IMF;ACME;N/R;N/R;19.109622;-72.69979;Saint-Marc;HT0531;Artibonite;;Angle Rue Savannah et Rue Surpris Laurent;;;
1603668436;node;Guichet ATM;N/R;Money Gram;N/R;19.109936;-72.701418;Saint-Marc;HT0531;Artibonite;;;;;
1612279857;node;Maison de transfert;western union;N/R;N/R;19.106184;-72.694603;Saint-Marc;HT0531;Artibonite;;rue pivert;;;
1614519587;node;Non classifié;Digicel;Digicel;N/R;19.091945;-72.656509;Saint-Marc;HT0531;Artibonite;;Ruelle Mavum(Barbe);;;
1615955569;node;Bureau de change;Unis Transfaire;N/R;N/R;19.101539;-72.690916;Saint-Marc;HT0531;Artibonite;;Route Pont-Tambour;;08:00-16:00;
1616831456;node;Bureau de change;Maranatha Boutique et Bureau D'echange;N/R;N/R;19.100269;-72.691702;Saint-Marc;HT0531;Artibonite;;Pont tambour;;;
1617018631;node;Bureau de change;Charlitto Bank;N/R;N/R;18.198182;-73.752974;Les Cayes;HT0711;Sud;;;;;
1624374490;node;Banque commerciale;Verittes Bank;N/R;N/R;18.197598;-73.750541;Les Cayes;HT0711;Sud;;;;;
1625507494;node;Banque commerciale;La Difference Bank;N/R;N/R;18.197051;-73.749668;Les Cayes;HT0711;Sud;;;;;
1625659282;node;Banque commerciale;Micro crédit Banque nationale;N/R;N/R;18.196829;-73.749253;Les Cayes;HT0711;Sud;;;;;
1625708000;node;Bureau de change;C.A.M;N/R;N/R;18.196118;-73.748715;Les Cayes;HT0711;Sud;;;;;
1625708122;node;Banque commerciale;Uni Bank;N/R;N/R;18.19614;-73.749182;Les Cayes;HT0711;Sud;;;;;
1625715229;node;IMF;Sevis Finance De Fonkoze;N/R;N/R;18.196556;-73.749115;Les Cayes;HT0711;Sud;;;;;
1625723368;node;Banque commerciale;Pas De Credit;N/R;N/R;18.196446;-73.749066;Les Cayes;HT0711;Sud;;;;;
1625727765;node;IMF;CAPOSUD (Caisse Populaire Du Sud);N/R;N/R;18.195111;-73.74735;Les Cayes;HT0711;Sud;;;;;
1625733639;node;Maison de transfert;CAM Transfert;N/R;N/R;18.195194;-73.748656;Les Cayes;HT0711;Sud;;;;;
1625735308;node;IMF;Caisse Populaire Des Cayes;N/R;N/R;18.196;-73.747872;Les Cayes;HT0711;Sud;;;;;
1625946322;node;Maison de transfert;Western Union;Western Union;N/R;18.201292;-73.760852;Les Cayes;HT0711;Sud;;;;;
1627008030;node;Maison de transfert;Western Union;Western Union;N/R;18.193125;-73.749202;Les Cayes;HT0711;Sud;;;;;
1627301454;node;IMF;CAPOSUD (Caisse Populaire Du Sud);N/R;N/R;18.194607;-73.750512;Les Cayes;HT0711;Sud;;;;;
1630429816;node;Banque commerciale;Banque Nationale De Crédit;N/R;N/R;18.191164;-73.750252;Les Cayes;HT0711;Sud;;;;;
1631465844;node;Banque commerciale;Capital Bank;N/R;N/R;18.194402;-73.749225;Les Cayes;HT0711;Sud;;;;;
1631481837;node;Bureau de change;Money Gram;N/R;N/R;18.193428;-73.749412;Les Cayes;HT0711;Sud;;;;;
1631835211;node;Maison de transfert;Western Union;Western Union;N/R;18.1924;-73.74965;Les Cayes;HT0711;Sud;;;;;
1631902098;node;Bureau de change;C.A.M;N/R;N/R;18.194214;-73.748369;Les Cayes;HT0711;Sud;;;;;
1632795976;node;Maison de transfert;Western Union;Western Union;N/R;18.194983;-73.748113;Les Cayes;HT0711;Sud;;;;;
1633077178;node;Bureau de change;In God We Trust Money Exchange;N/R;N/R;18.194464;-73.745421;Les Cayes;HT0711;Sud;;;;;
1633101750;node;Bureau de change;Amitty Bank;N/R;N/R;18.192166;-73.744987;Les Cayes;HT0711;Sud;;;;;
1633103181;node;Bureau de change;Chez Gurdy Bank;N/R;N/R;18.193241;-73.744805;Les Cayes;HT0711;Sud;;;;;
1643325948;node;Banque commerciale;N/R;Sogebank;N/R;18.834112;-72.105087;Mirebalais;HT0621;Centre;;;;;
1643443255;node;Banque commerciale;Central Bank;N/R;N/R;18.835266;-72.105158;Mirebalais;HT0621;Centre;;;;;
1644293385;node;Bureau de change;Reflexion bric a brac;N/R;N/R;18.835001;-72.100241;Mirebalais;HT0621;Centre;;;;;
1644318308;node;Maison de transfert;C.A.M Money Transfert;N/R;N/R;18.298696;-73.65498;Cavaillon;HT0733;Sud;;;;;
1644339988;node;Banque commerciale;Hector Bank;N/R;N/R;18.343819;-73.776049;Maniche;HT0715;Sud;;;;;
1644339989;node;Banque commerciale;La Differance Bank;N/R;N/R;18.343714;-73.776335;Maniche;HT0715;Sud;;;;;
1644339990;node;Banque commerciale;La Differance Bank;N/R;N/R;18.344215;-73.776269;Maniche;HT0715;Sud;;;;;
1644339997;node;Bureau de change;Uni Transfer;N/R;N/R;18.344041;-73.77623;Maniche;HT0715;Sud;;;;;
1644347301;node;Banque commerciale;Pas De Credit;N/R;N/R;18.341573;-73.776886;Maniche;HT0715;Sud;;;;;
1644349524;node;Banque commerciale;CODECREM;N/R;N/R;18.837494;-72.104369;Mirebalais;HT0621;Centre;;;;;
1644376388;node;Bureau de change;Mercidieu Ddily bric a brac;N/R;N/R;18.83528;-72.100968;Mirebalais;HT0621;Centre;;;;;
1644551737;node;Bureau de change;Eddy Sabotay;N/R;N/R;18.834026;-72.100754;Mirebalais;HT0621;Centre;;;;;
1644719375;node;IMF;Fonkoze;N/R;N/R;18.836603;-72.111457;Mirebalais;HT0621;Centre;;;;;
1646011714;node;Non classifié;Digicel Toucho Mobile;Digicel;N/R;18.298912;-73.654123;Cavaillon;HT0733;Sud;;;;;
1646043363;node;IMF;Caisse Populaire de Cavaillon;N/R;N/R;18.300925;-73.654486;Cavaillon;HT0733;Sud;;;;;
1646132316;node;IMF;Caisse Populaire De Gros Marin;N/R;N/R;18.360741;-73.628174;Cavaillon;HT0733;Sud;;;;;
1650670722;node;Bureau de change;N/R;N/R;N/R;18.191312;-73.753044;Les Cayes;HT0711;Sud;;;;;
1650896113;node;Maison de transfert;N/R;Cam transfert;N/R;19.118043;-72.697159;Saint-Marc;HT0531;Artibonite;;Blockauss3;;;
1651629317;node;Maison de transfert;Sam Complexe, unitransfert;N/R;N/R;19.105454;-72.701378;Saint-Marc;HT0531;Artibonite;;Rue Christophe;;Mo-Sa 07:00-17:00;
1651647051;node;Maison de transfert;Sam Complexe, unitransfert;N/R;N/R;19.104967;-72.70327;Saint-Marc;HT0531;Artibonite;;Rue Christophe;;;
1652995575;node;Bureau de change;Explosion;N/R;N/R;19.120622;-72.698609;Saint-Marc;HT0531;Artibonite;;Route Nationale #1;;;
1653277360;node;Maison de transfert;Western Union / Sogexepress;N/R;N/R;18.95776;-72.71593;Saint-Marc;HT0531;Artibonite;;;;;
1653288298;node;Banque commerciale;Micro Credit Nationale;N/R;N/R;19.111471;-72.700713;Saint-Marc;HT0531;Artibonite;;Rue Louverture;;;
1653347889;node;Guichet ATM;N/R;C A M Transfer;N/R;19.111868;-72.700577;Saint-Marc;HT0531;Artibonite;;Rue Louverture;;;
1654621555;node;Banque commerciale;Socolavim;N/R;N/R;19.111347;-72.699926;Saint-Marc;HT0531;Artibonite;;Rue Bonet Prolonger;;;
1656300934;node;Bureau de change;C.A.M;N/R;N/R;18.81558;-72.201003;Saut d'Eau;HT0622;Centre;;;;;
1656300943;node;Banque commerciale;Soge Express;N/R;N/R;18.815765;-72.200935;Saut d'Eau;HT0622;Centre;;;;;
1660726374;node;Banque commerciale;CAPOSOV;N/R;N/R;18.911639;-72.313248;La Chapelle;HT0533;Artibonite;;;;;
1661335998;node;Bureau de change;Uni-transfer;N/R;N/R;18.263216;-73.545016;Saint Louis du Sud;HT0732;Sud;;;;;
1662459153;node;Non classifié;NATCOM;Natcom;N/R;19.08103;-72.631281;Saint-Marc;HT0531;Artibonite;;Route Gilbert 4eme Section;;;
1667455445;node;IMF;Fonkoze;N/R;N/R;18.919332;-72.140072;Boucan Carre;HT0623;Centre;;;;;
1667562317;node;Bureau de change;Yv-o-lo Sabotay;N/R;N/R;18.770584;-72.513306;Arcahaie;HT0141;Ouest;;;;;
1671992084;node;Banque commerciale;Kes Popile Graf;N/R;N/R;18.773066;-72.516269;Arcahaie;HT0141;Ouest;;;;;
1672318955;node;Bureau de change;Robenson Bureau de change;N/R;N/R;19.110673;-72.699536;Saint-Marc;HT0531;Artibonite;;Rue savannah;;;
1672500614;node;Maison de transfert;Sogexpress;N/R;N/R;18.263437;-73.543184;Saint Louis du Sud;HT0732;Sud;;;;;
1672576245;node;Bureau de change;N/R;N/R;N/R;18.197614;-73.752344;Les Cayes;HT0711;Sud;;;;;
1673503245;node;Banque commerciale;Banque Nationale;N/R;N/R;18.19108;-73.750549;Les Cayes;HT0711;Sud;;;;;
1673815536;node;Bureau de change;C.A.M;N/R;N/R;18.193933;-73.752971;Les Cayes;HT0711;Sud;;;;;
1674626268;node;Bureau de change;Hazael Bureau de change;N/R;N/R;19.108833;-72.699899;Saint-Marc;HT0531;Artibonite;;Rue Savannah;;;
1674684947;node;Bureau de change;Alix Mio;N/R;N/R;19.110977;-72.700759;Saint-Marc;HT0531;Artibonite;;Rue Louverture;;;
1674684982;node;Banque commerciale;Scorpio Crédit;N/R;N/R;19.110955;-72.700757;Saint-Marc;HT0531;Artibonite;;Rue Louverture;;;
1675107429;node;Banque commerciale;Money Gram;N/R;N/R;19.109992;-72.701309;Saint-Marc;HT0531;Artibonite;;Rte Nationale;;;
1675107524;node;Banque commerciale;Surpris Laurent BNC;N/R;N/R;19.109954;-72.701012;Saint-Marc;HT0531;Artibonite;;Rte Nationale;;;
1675107541;node;Maison de transfert;Western Union;N/R;N/R;19.110087;-72.701297;Saint-Marc;HT0531;Artibonite;;Rte Nationale;;;
1676922404;node;Banque commerciale;Unibank;N/R;N/R;19.109974;-72.700336;Saint-Marc;HT0531;Artibonite;;Rue Supris Laurent;;;
1676953412;node;Banque commerciale;Les Frères Dantès;N/R;N/R;19.109339;-72.700227;Saint-Marc;HT0531;Artibonite;;Rue Père Primet;;;
1681666076;node;Maison de transfert;Sogexpress;N/R;N/R;18.309413;-73.304733;Aquin;HT0731;Sud;;;;;
1683647667;node;Banque commerciale;Sogesol Banque;N/R;N/R;19.108668;-72.701302;Saint-Marc;HT0531;Artibonite;;Rue Armand Thoby;;;
1684943512;node;Banque commerciale;Socolavim;N/R;N/R;19.149836;-72.615215;Saint-Marc;HT0531;Artibonite;;La Tour;;;
1685303335;node;Non classifié;N/R;Digicel;N/R;19.057148;-72.673751;Saint-Marc;HT0531;Artibonite;;;;6:00;
1687320881;node;IMF;Fonkoze sevis finansye;Cooperative;N/R;19.150032;-72.614248;Saint-Marc;HT0531;Artibonite;;Route Pont-Sonde- Mirbalais;;;
1692228937;node;Banque commerciale;Banque Nationale de Crédit;BNC;N/R;18.278628;-73.394899;Aquin;HT0731;Sud;;;;;
1692254360;node;Banque commerciale;Tet Fret Bank;N/R;N/R;18.283216;-73.392151;Aquin;HT0731;Sud;;;;;
1692254361;node;Banque commerciale;Uni Transfer;N/R;N/R;18.283192;-73.394698;Aquin;HT0731;Sud;;;;;
1692254362;node;Maison de transfert;Western Union;N/R;N/R;18.283225;-73.392018;Aquin;HT0731;Sud;;;;;
1697166890;node;Non classifié;N/R;Digicel;N/R;18.099479;-73.700916;Ile a Vache;HT0716;Sud;;;;;
1697166892;node;Non classifié;N/R;Natcom;N/R;18.099606;-73.701209;Ile a Vache;HT0716;Sud;;;;;
1697907321;node;Guichet ATM;N/R;Brica Brac;N/R;18.955282;-72.700373;Arcahaie;HT0141;Ouest;;Montrouis;;;
1697921783;node;Guichet ATM;N/R;N/R;N/R;18.954836;-72.701147;Arcahaie;HT0141;Ouest;;Montrouis;;;
1697963797;node;Banque commerciale;Fonk Koze;N/R;N/R;18.27514;-73.125214;Aquin;HT0731;Sud;;;;;
1698284504;node;Bureau de change;Wertern Union;N/R;N/R;18.949227;-72.704495;Arcahaie;HT0141;Ouest;;Route  nationale # 1 Mont-Rouis;;;
1698292169;node;Guichet ATM;N/R;N/R;N/R;18.949922;-72.703511;Arcahaie;HT0141;Ouest;;Route cacouyo;;;
1708720599;node;Banque commerciale;Central Charlito Bank;N/R;N/R;18.085844;-73.655063;Ile a Vache;HT0716;Sud;;;;;
1708720634;node;Banque commerciale;Central Junot Bank;N/R;N/R;18.085585;-73.654845;Ile a Vache;HT0716;Sud;;;;;
1719746903;node;Banque commerciale;BNC;N/R;N/R;18.736519;-72.41678;Cabaret;HT0142;Ouest;;Bas Duclos;;;
1720081252;node;Bureau de change;Gérard;N/R;N/R;18.517048;-72.298166;Petion-Ville;HT0114;Ouest;;;;;
1757796798;node;Non classifié;Digicel;Digicel;N/R;18.512071;-72.28987;Petion-Ville;HT0114;Ouest;;Rue Clerveaux;;;
1760089967;node;Banque commerciale;Capital Bank;Capital Bank;N/R;18.511746;-72.283292;Petion-Ville;HT0114;Ouest;;Rue Metellus;;;
1786568777;node;Banque commerciale;Soge Express;N/R;N/R;18.532327;-72.315446;Port-au-Prince;HT0111;Ouest;;;;;
1786574195;node;Bureau de change;Uni Transfer;N/R;N/R;18.532053;-72.315552;Port-au-Prince;HT0111;Ouest;;;;;
1793945580;node;Banque commerciale;N/R;Sogebank;N/R;18.563993;-72.24931;Tabarre;HT0118;Ouest;;;;;
1888663692;node;Banque commerciale;Capital Bank;privee;N/R;19.145545;-72.00651;Hinche;HT0611;Centre;;;;"Tu-Su 08:00-15:00;Sa 08:00-12:00";
1890107708;node;Banque commerciale;SogeBank-SogeCarte;Sogebank;N/R;18.515489;-72.288612;Petion-Ville;HT0114;Ouest;;;;;
1890139787;node;Banque commerciale;BUH;N/R;N/R;18.513944;-72.28944;Petion-Ville;HT0114;Ouest;;;;9:00-16:00;
1908880444;node;Non classifié;Bureau Digicel;Digicel;N/R;18.869078;-71.760074;Belladere;HT0632;Centre;;;;"Tu-Su 08:00-15:00; Sa 08:00-12:00";
1910267603;node;Banque commerciale;CODEL;N/R;N/R;19.298636;-72.609563;Dessalines;HT0541;Artibonite;;;;;
1925731764;node;IMF;Union des cooperatives pour developpement de Saint Michel;N/R;N/R;19.385078;-72.34348;Saint-Michel de l'Attalaye;HT0551;Artibonite;;;;;
1947985941;node;Maison de transfert;Uni-Transfert;N/R;N/R;18.544972;-72.307332;Delmas;HT0112;Ouest;;;;;
1948132450;node;Banque commerciale;Unibank;N/R;N/R;18.547438;-72.305458;Delmas;HT0112;Ouest;;;;;
1957611738;node;Banque commerciale;Koperativ agrikòl Bab;N/R;N/R;19.09069;-72.659132;Saint-Marc;HT0531;Artibonite;;;;;
2009706133;node;Non classifié;N/R;Natcom;N/R;18.594352;-72.26759;Tabarre;HT0118;Ouest;;;;;
2030174729;node;Banque commerciale;UNIBANk;N/R;N/R;18.534289;-72.392161;Carrefour;HT0113;Ouest;;;;;
2072433676;node;Maison de transfert;N/R;Western Union;N/R;18.477232;-72.309916;Petion-Ville;HT0114;Ouest;;;;;
2078857375;node;Banque commerciale;COPECPRA;N/R;N/R;19.122879;-72.480369;Petite Riviere de l'Artibonite;HT0542;Artibonite;;;;Mo-Fr 08:30-20:00;
2089269559;node;Banque commerciale;Sogebank;N/R;N/R;18.609125;-72.279527;Croix-Des-Bouquets;HT0131;Ouest;;;;"Mo-Fr 08:00-15:30; Sa 08:00-13:00";
2089269560;node;Maison de transfert;Western Union;N/R;N/R;18.609212;-72.279485;Croix-Des-Bouquets;HT0131;Ouest;;;;;
2089311025;node;Banque commerciale;Unibank;N/R;N/R;18.608574;-72.279618;Croix-Des-Bouquets;HT0131;Ouest;;;;;
2139411355;node;Banque commerciale;B.N.C;BNC;N/R;18.551131;-72.341438;Port-au-Prince;HT0111;Ouest;;;;;
2176357018;node;Maison de transfert;N/R;"Western Union;Unitransfer;Moneygram";N/R;19.732729;-72.224864;Cap-Haitien;HT0311;Nord;;;;;
2213017442;node;Maison de transfert;Western union;Western Union;N/R;19.672056;-72.125058;Limonade;HT0313;Nord;;;;Mo-Sa,PH 08:00-18:00;
2213088896;node;IMF;Caisse Populaire Fraternite;N/R;N/R;19.671055;-72.124592;Limonade;HT0313;Nord;;;;Mo-Su,PH 08:00-18:00;
2213104873;node;Maison de transfert;Uni Transfere ( SOGE XPRESS);N/R;N/R;19.671077;-72.124646;Limonade;HT0313;Nord;;;;Mo-Sa,PH 08:00-18:00;
2239959161;node;Banque commerciale;Sogebank;N/R;N/R;19.757911;-72.200276;Cap-Haitien;HT0311;Nord;;Rue A;;Mo-Sa 08:00-18:00;
2256631918;node;Banque commerciale;Eagle Supermarket Sogebank ATM;N/R;N/R;18.531379;-72.289106;Delmas;HT0112;Ouest;;;;;
2262235368;node;Maison de transfert;CAM_Transfert;N/R;N/R;19.693753;-72.158223;Quartier Morin;HT0312;Nord;;;;Mo-Sa,PH 08:00-18:00;
2262821765;node;Non classifié;N/R;Digicel;N/R;19.689162;-72.018283;Caracol;HT0434;Nord-Est;;;;;
2262969994;node;Non classifié;N/R;Natcom;N/R;19.660202;-71.834244;Fort-Liberte;HT0411;Nord-Est;;;;;
2263120909;node;Non classifié;N/R;Natcom;N/R;19.683523;-71.992602;Caracol;HT0434;Nord-Est;;;;;
2263173249;node;Maison de transfert;CAM;N/R;N/R;19.617674;-72.023599;Trou du Nord;HT0431;Nord-Est;;;;;
2263179057;node;Maison de transfert;Unitransfert;N/R;N/R;19.616603;-72.025363;Trou du Nord;HT0431;Nord-Est;;;;;
2263193602;node;Maison de transfert;Bureau Western Union;N/R;N/R;19.636852;-71.953735;Terrier Rouge;HT0433;Nord-Est;;;;24/7;
2264047979;node;Maison de transfert;Soge express;N/R;N/R;19.61675;-72.023924;Trou du Nord;HT0431;Nord-Est;;;;;
2264568227;node;Maison de transfert;Maranatha Multi Services Maison de Transfert;N/R;N/R;19.728931;-72.181919;Cap-Haitien;HT0311;Nord;;;;8:00-22:00;
2264601865;node;Non classifié;Anterne Digicel;Digicel;N/R;19.73551;-72.188334;Cap-Haitien;HT0311;Nord;;;;;
2264745191;node;Non classifié;Natcom;Natcom;N/R;19.612662;-72.029132;Trou du Nord;HT0431;Nord-Est;;;;;
2264814601;node;Non classifié;Antenne Digicel;Digicel;N/R;19.615168;-72.024736;Trou du Nord;HT0431;Nord-Est;;;;;
2266669841;node;Non classifié;N/R;Digicel;N/R;19.65471;-71.814768;Fort-Liberte;HT0411;Nord-Est;;;;;
2268511868;node;Non classifié;Anti-stress Multi Service;Digicel;N/R;19.692012;-72.018773;Caracol;HT0434;Nord-Est;;;;;
2268648931;node;Banque commerciale;Sogebank;Sogebank;N/R;19.758252;-72.199923;Cap-Haitien;HT0311;Nord;;;;Mo-Sa 08:00-18:00;
2270209810;node;Agent MonCash;PIERRE JASMINE - MONCASH;SogeBank;N/R;19.747088;-72.201777;Cap-Haitien;HT0311;Nord;;Ruelle Conassa;;"Mo-Fr 08:30-15:00; Sa 08:30-12:30";
2270209811;node;Maison de transfert;house money tranferr;Western Union;N/R;19.747099;-72.201808;Cap-Haitien;HT0311;Nord;;;;24/7;
2271975045;node;Banque commerciale;Unibank Heros de Vertieres;Unibank;N/R;19.742669;-72.214482;Cap-Haitien;HT0311;Nord;;;;;
2272241054;node;Banque commerciale;Banque Nationale de Crédit;BNC;N/R;19.665517;-71.837594;Fort-Liberte;HT0411;Nord-Est;;;;Mo-Fr 08:30-16:00;
2272926584;node;Non classifié;Antenne de la Digicel;Digicel;N/R;19.727078;-72.181442;Cap-Haitien;HT0311;Nord;;;;;
2273009824;node;Maison de transfert;Uni-Transfert;N/R;N/R;19.728947;-72.181932;Cap-Haitien;HT0311;Nord;;;;Mo-Su,PH 08:00-18:00;
2274585094;node;Banque commerciale;SOGEBANK;N/R;N/R;19.550257;-71.723956;Ouanaminthe;HT0421;Nord-Est;;;;;
2274585522;node;Banque commerciale;Banque de l'Union Haïtienne;N/R;N/R;19.550489;-71.725842;Ouanaminthe;HT0421;Nord-Est;;;;;
2274585523;node;Maison de transfert;CAM Transfert;N/R;N/R;19.550258;-71.725312;Ouanaminthe;HT0421;Nord-Est;;;;;
2274616630;node;Banque commerciale;Unibank;Unibank;N/R;19.75739;-72.200694;Cap-Haitien;HT0311;Nord;;;;24/7;
2274616636;node;Non classifié;DIGICEL central;Digicel;N/R;19.757648;-72.200969;Cap-Haitien;HT0311;Nord;;;;24/7;
2275312906;node;Maison de transfert;Unitransfère;N/R;N/R;19.550424;-71.725632;Ouanaminthe;HT0421;Nord-Est;;;;;
2275984410;node;Maison de transfert;UniTransfer;N/R;N/R;19.757638;-72.200726;Cap-Haitien;HT0311;Nord;;;;"Mo-Sa 08:30-15:00; Su 09:00-13:00";
2277504758;node;Maison de transfert;Uni Transfer;N/R;N/R;19.738683;-72.219553;Cap-Haitien;HT0311;Nord;;;;8:00-17:00;
2277588904;node;Maison de transfert;Soge express;N/R;N/R;19.616755;-72.024106;Trou du Nord;HT0431;Nord-Est;;;;;
2277601989;node;Maison de transfert;Unitransfert;N/R;N/R;19.617488;-72.023611;Trou du Nord;HT0431;Nord-Est;;;;;
2279556783;node;Banque commerciale;Unibank;N/R;N/R;19.550373;-71.725046;Ouanaminthe;HT0421;Nord-Est;;;;;
2279581377;node;IMF;Fonkoze;N/R;N/R;19.55022;-71.725331;Ouanaminthe;HT0421;Nord-Est;;;;;
2279581378;node;Maison de transfert;MoneyGram;MoneyGram;N/R;19.550243;-71.725316;Ouanaminthe;HT0421;Nord-Est;;;;;
2279583839;node;Maison de transfert;Unitransfère;N/R;N/R;19.550267;-71.725613;Ouanaminthe;HT0421;Nord-Est;;;;;
2281156838;node;IMF;Caisse populaire;N/R;N/R;19.664625;-71.836644;Fort-Liberte;HT0411;Nord-Est;;;;8:30-16:00;
2282342281;node;Banque commerciale;Banque Nationale de Crédit;N/R;N/R;19.549971;-71.723607;Ouanaminthe;HT0421;Nord-Est;;;;;
2282342283;node;Non classifié;Digicel;Digicel;N/R;19.550011;-71.723656;Ouanaminthe;HT0421;Nord-Est;;;;;
2282355497;node;Banque commerciale;N/R;Sogebank;N/R;19.550201;-71.723976;Ouanaminthe;HT0421;Nord-Est;;;;;
2282406710;node;Non classifié;Digicel;Digicel;N/R;19.548516;-71.721621;Ouanaminthe;HT0421;Nord-Est;;;;;
2285725961;node;Non classifié;Antenne;Digicel;N/R;19.543618;-71.729223;Ouanaminthe;HT0421;Nord-Est;;;;;
2285779454;node;Non classifié;Antenne;Natcom;N/R;19.541984;-71.729817;Ouanaminthe;HT0421;Nord-Est;;;;;
2285825675;node;Non classifié;Antenne Digicel;Digicel;N/R;19.738726;-72.183258;Cap-Haitien;HT0311;Nord;;;;;
2286818645;node;Guichet ATM;N/R;MicrocrediNational S.A.;N/R;19.550639;-71.72396;Ouanaminthe;HT0421;Nord-Est;;;;;
2286841192;node;Maison de transfert;sogexpress;N/R;N/R;19.743795;-72.212582;Cap-Haitien;HT0311;Nord;;;;;
2289421673;node;Maison de transfert;UNITRANSFER;N/R;N/R;19.6711;-72.124696;Limonade;HT0313;Nord;;;;Mo-Sa,PH 08:00-20:00,08:00-18:00;
2289421674;node;Maison de transfert;WESTERN UNION;N/R;N/R;19.671114;-72.124705;Limonade;HT0313;Nord;;;;Mo-Sa,PH 08:00-18:00;
2289490721;node;Maison de transfert;CAM Transfert;N/R;N/R;19.672039;-72.125054;Limonade;HT0313;Nord;;;;Mo-Sa,PH 08:00-18:00;
2291978515;node;Non classifié;Antenne;Digicel;N/R;19.437979;-72.199736;Saint-Raphael;HT0341;Nord;;;;;
2291978516;node;Non classifié;Antenne;Digicel;N/R;19.438389;-72.198955;Saint-Raphael;HT0341;Nord;;;;;
2292334603;node;Maison de transfert;CAM Transfert;N/R;N/R;19.439506;-72.200536;Saint-Raphael;HT0341;Nord;;;;;
2293915688;node;IMF;Caisse populaire fraternite;N/R;N/R;19.680301;-72.269158;Plaine du Nord;HT0322;Nord;;;;;
2294017889;node;Banque commerciale;Capital Banque;N/R;N/R;19.755623;-72.20194;Cap-Haitien;HT0311;Nord;;;;Mo-Sa 08:00-18:00;
2294750861;node;Maison de transfert;Capital Transfert/Western Union;N/R;N/R;19.615357;-72.025046;Trou du Nord;HT0431;Nord-Est;;;;;
2294951324;node;Bureau de change;Acemis multiesrvise;N/R;N/R;19.636871;-71.953717;Terrier Rouge;HT0433;Nord-Est;;;;24/7;
2294951340;node;Maison de transfert;CAM_Transfert;N/R;N/R;19.636901;-71.953723;Terrier Rouge;HT0433;Nord-Est;;;;24/7;
2296030378;node;Maison de transfert;Unitransfert;N/R;N/R;19.616408;-72.025042;Trou du Nord;HT0431;Nord-Est;;;;;
2296237237;node;Maison de transfert;Western Union;N/R;N/R;19.661369;-71.836341;Fort-Liberte;HT0411;Nord-Est;;;;;
2298621133;node;Maison de transfert;western union;N/R;N/R;19.743773;-72.212584;Cap-Haitien;HT0311;Nord;;;;;
2299082614;node;Non classifié;N/R;Digicel;N/R;19.669494;-72.189257;Quartier Morin;HT0312;Nord;;;;;
2313761742;node;Maison de transfert;CAM;N/R;N/R;19.738159;-72.21948;Cap-Haitien;HT0311;Nord;;;;;
2314901613;node;Maison de transfert;Unitransfer;N/R;N/R;19.75747;-72.204172;Cap-Haitien;HT0311;Nord;;;;24/7;
2314916773;node;Banque commerciale;Unibank;N/R;N/R;19.755784;-72.205124;Cap-Haitien;HT0311;Nord;;;;Mo-Sa 08:00-18:00;
2314959676;node;Maison de transfert;Soge Express;N/R;N/R;19.756214;-72.204999;Cap-Haitien;HT0311;Nord;;;;24/7;
2314971806;node;Maison de transfert;unitransfert et auto parts;N/R;N/R;19.75569;-72.20229;Cap-Haitien;HT0311;Nord;;;;24/7;
2323153760;node;IMF;Cooperative Agricole de Terrier-Rouge;N/R;N/R;19.640982;-71.95866;Terrier Rouge;HT0433;Nord-Est;;;;;
2325544343;node;Non classifié;N/R;Digicel;N/R;19.299232;-72.610517;L'Estere;HT0513;Artibonite;;;;;
2330628187;node;Maison de transfert;Capital transfert/Western union;N/R;N/R;19.69188;-72.018271;Caracol;HT0434;Nord-Est;;;;;
2331828984;node;IMF;Fonkoze,Uni Transfer,CAM,Mikwo, Asirans;N/R;N/R;19.665351;-71.838598;Fort-Liberte;HT0411;Nord-Est;;;;;
2340999113;node;Maison de transfert;Unitransfert;N/R;N/R;19.635981;-71.950328;Terrier Rouge;HT0433;Nord-Est;;;;24/7;
2362140023;node;Banque commerciale;Unibank;N/R;N/R;19.706503;-72.402847;Limbe;HT0361;Nord;;;;"Mo-Fr 09:00-16:00; Sa 09:00-12:00";
2375636052;node;Banque commerciale;patience Bank;N/R;N/R;19.77455;-72.249892;Cap-Haitien;HT0311;Nord;;;;;
2375637593;node;Banque commerciale;Rapidite bank;N/R;N/R;19.774488;-72.24998;Cap-Haitien;HT0311;Nord;;;;;
2375637648;node;Banque commerciale;La Confiance Bank;N/R;N/R;19.77456;-72.25016;Cap-Haitien;HT0311;Nord;;;;;
2379692889;node;Non classifié;je ne sais pas;Digicel;N/R;19.759036;-72.204129;Cap-Haitien;HT0311;Nord;;;;24/7;
2385696522;node;Non classifié;Antenne Digicel;Digicel;N/R;19.680393;-72.318871;Acul du Nord;HT0321;Nord;;;;;
2389830917;node;Banque commerciale;Patience Bank;N/R;N/R;19.77455;-72.249892;Cap-Haitien;HT0311;Nord;;;;;
2389830920;node;Banque commerciale;Rapidité bank;N/R;N/R;19.774488;-72.24998;Cap-Haitien;HT0311;Nord;;;;;
2395305223;node;Banque commerciale;Unibank;Unibank;N/R;19.757764;-72.200638;Cap-Haitien;HT0311;Nord;;;;"Mo-Fr 08:30-15:00; Sa 09:00-13:00";
2402075085;node;Maison de transfert;Capital Transfer;N/R;N/R;18.532465;-72.337891;Port-au-Prince;HT0111;Ouest;;;;;
2402075095;node;Maison de transfert;Western Union:Cam Transfer;Western Union;N/R;18.532534;-72.343776;Port-au-Prince;HT0111;Ouest;;;;;
2402075098;node;Non classifié;N/R;Digicel;N/R;18.533212;-72.346769;Port-au-Prince;HT0111;Ouest;;;;;
2422377008;node;Banque commerciale;Big Star Market ATM;Sogebank;N/R;18.511971;-72.287224;Petion-Ville;HT0114;Ouest;;;;;
2422740116;node;IMF;Caisse Populaire Espoir;N/R;N/R;19.671711;-72.682414;Gros Morne;HT0521;Artibonite;;;;;
2426268313;node;Banque commerciale;Banque de l'Union Haïtienne (BUH);N/R;N/R;18.513297;-72.287625;Petion-Ville;HT0114;Ouest;;;;;
2438158313;node;Banque commerciale;BUH (Banque de l'Union Haitienne);N/R;N/R;18.512327;-72.282817;Petion-Ville;HT0114;Ouest;;Rue Louverture;;;
2439647924;node;Banque commerciale;Unibank;N/R;N/R;18.516381;-72.289402;Petion-Ville;HT0114;Ouest;;;;;
2439652142;node;Banque commerciale;Capital Carte;Capital Bank;N/R;18.512645;-72.288868;Petion-Ville;HT0114;Ouest;;;2299-6709 a *15, 2299-6787 a *89;;
2444516760;node;Banque commerciale;Sogebank;N/R;N/R;18.542076;-72.334675;Port-au-Prince;HT0111;Ouest;;Rue Capois;;;
2444972097;node;Banque commerciale;CITI;N/R;N/R;18.563457;-72.316184;Delmas;HT0112;Ouest;;;;;
2462160384;node;Banque commerciale;Capital Bank;N/R;N/R;18.512233;-72.288468;Petion-Ville;HT0114;Ouest;;;;"Mo-Fr 08:30-16:00; Sa 09:00-13:00";
2462182747;node;Non classifié;N/R;Digicel;N/R;19.522656;-72.464125;Ennery;HT0512;Artibonite;;;;;
2463151491;node;Non classifié;N/R;Digicel;N/R;18.565858;-72.312456;Delmas;HT0112;Ouest;;;;;
2463151492;node;Banque commerciale;N/R;Unibank;N/R;18.565864;-72.312491;Delmas;HT0112;Ouest;;;;"Mo-Fr 08:30-16:00; Sa 08:30-15:00";
2463231677;node;Non classifié;N/R;Digicel;N/R;18.654807;-72.294304;Croix-Des-Bouquets;HT0131;Ouest;;;;;
2463350656;node;Non classifié;N/R;Digicel;N/R;19.530486;-72.588519;Gonaives;HT0511;Artibonite;;;;;
2463376380;node;Non classifié;N/R;Digicel;N/R;19.398832;-72.592984;Gonaives;HT0511;Artibonite;;;;;
2463400355;node;Maison de transfert;Western Union;Western Union;N/R;18.546736;-72.339016;Port-au-Prince;HT0111;Ouest;;;;Mo-Sa 08:30-16:30;
2463403326;node;Banque commerciale;N/R;Unibank;N/R;19.14575;-72.008258;Hinche;HT0611;Centre;;;;;
2479266293;node;Maison de transfert;Western Union;N/R;N/R;19.85259;-73.192319;Jean Rabel;HT0934;Nord-Ouest;;;;;
2488654125;node;Banque commerciale;Capomar;N/R;N/R;19.802261;-73.256642;Jean Rabel;HT0934;Nord-Ouest;;;;;
2488654158;node;Non classifié;Digicel;Digicell;N/R;19.803487;-73.254892;Jean Rabel;HT0934;Nord-Ouest;;;;;
2488654217;node;Maison de transfert;Infotel Multi service;N/R;N/R;19.803917;-73.255344;Jean Rabel;HT0934;Nord-Ouest;;;;;
2500003939;node;Bureau de change;Lotto Kioske;N/R;N/R;18.525734;-72.356073;Port-au-Prince;HT0111;Ouest;;;;24/7;
2500019885;node;Bureau de change;Lotto Kioske;N/R;N/R;18.524924;-72.355162;Port-au-Prince;HT0111;Ouest;;;;24/7;
2500019886;node;Bureau de change;Lotto Kioske;N/R;N/R;18.525669;-72.354646;Port-au-Prince;HT0111;Ouest;;;;24/7;
2502081202;node;Non classifié;N/R;Digicel;N/R;18.494698;-72.313306;Petion-Ville;HT0114;Ouest;;;;;
2504815477;node;Banque commerciale;N/R;Sogebank;N/R;18.526892;-72.276678;Petion-Ville;HT0114;Ouest;;;;;
2504815488;node;Banque commerciale;N/R;Sogebank;N/R;18.532205;-72.290329;Delmas;HT0112;Ouest;;;;;
2508459140;node;Banque commerciale;Banque Populaire Haïtienne;BPH;N/R;18.575363;-72.296607;Tabarre;HT0118;Ouest;;;;;
2515757535;node;Banque commerciale;N/R;Sogebank;N/R;18.542138;-72.334634;Port-au-Prince;HT0111;Ouest;;;;;
2554137285;node;Banque commerciale;Capital Bank;N/R;N/R;18.563868;-72.250647;Tabarre;HT0118;Ouest;;;;;
2554178890;node;Banque commerciale;Capital Bank;Capital Bank;N/R;18.498557;-72.319042;Petion-Ville;HT0114;Ouest;;;;;
2554178934;node;Banque commerciale;Unibank;N/R;N/R;18.497754;-72.319704;Petion-Ville;HT0114;Ouest;;;;;
2554204877;node;Maison de transfert;cam transfert;N/R;N/R;19.762935;-72.19794;Cap-Haitien;HT0311;Nord;;;;24/7;
2560513899;node;IMF;Cooceplas Caisse Populaire;N/R;N/R;19.015251;-71.957524;Thomonde;HT0613;Centre;;;;;
2574353795;node;Non classifié;Digicel;Digicel;N/R;18.537784;-72.319877;Port-au-Prince;HT0111;Ouest;;;;;
2579169992;node;Banque commerciale;BNC;N/R;N/R;18.558654;-72.333393;Delmas;HT0112;Ouest;;;;;
2580752485;node;Non classifié;N/R;Natcom;N/R;18.630799;-72.267848;Croix-Des-Bouquets;HT0131;Ouest;;;;;
2591769288;node;Maison de transfert;Unitransfer;N/R;N/R;19.093946;-72.715341;Saint-Marc;HT0531;Artibonite;;;;;
2608368548;node;Non classifié;N/R;Digicel;N/R;18.563477;-72.152191;Croix-Des-Bouquets;HT0131;Ouest;;;;;
2622046559;node;Banque commerciale;BNC;N/R;N/R;18.599862;-72.284821;Croix-Des-Bouquets;HT0131;Ouest;;;;;
2635184691;node;Non classifié;Digicel;Digicel;N/R;18.603093;-72.28209;Croix-Des-Bouquets;HT0131;Ouest;;;;"Mo-Fr 08:00-17:00; Sa 08:00-13:00";
2635343046;node;Non classifié;N/R;Digicel;N/R;19.369016;-72.052228;La Victoire;HT0345;Nord;;;;;
2644792780;node;Non classifié;N/R;Digicel;N/R;18.284942;-71.784184;Fonds-Verrettes;HT0135;Ouest;;;;;
2645687003;node;Non classifié;Natcom;Natcom;N/R;19.383562;-72.05433;Ranquitte;HT0343;Nord;;;;;
2654544856;node;Non classifié;Digicel;Digicel;N/R;19.339049;-72.022011;La Victoire;HT0345;Nord;;;;;
2654570103;node;Non classifié;Digicel;Digicel;N/R;19.338113;-72.022159;La Victoire;HT0345;Nord;;;;;
2674398531;node;Banque commerciale;Sogebel;N/R;N/R;18.534835;-72.329684;Port-au-Prince;HT0111;Ouest;;;;;
2674398532;node;Banque commerciale;N/R;Sogebank;N/R;18.534786;-72.329609;Port-au-Prince;HT0111;Ouest;;;;;
2726466763;node;Banque commerciale;Sogebank;Sogebank;N/R;18.541381;-72.328474;Port-au-Prince;HT0111;Ouest;;;;;
2739807477;node;Agent MonCash;Kiki's Pappadap;Moncash;N/R;19.412267;-72.081779;Ranquitte;HT0343;Nord;;;;;
2776093540;node;Maison de transfert;Cam;N/R;N/R;18.53221;-72.341593;Port-au-Prince;HT0111;Ouest;;Rue Alerte;;;
2783448697;node;Banque commerciale;N/R;Sogebank;N/R;18.533175;-72.324328;Port-au-Prince;HT0111;Ouest;;;;;
2987101481;node;Non classifié;N/R;Natcom;N/R;19.938804;-72.831606;Port-de-Paix;HT0911;Nord-Ouest;;;;;
3017486375;node;Maison de transfert;Western Union;Western Union;N/R;18.536926;-72.335892;Port-au-Prince;HT0111;Ouest;;;;"Mo-Sa 08:00-17:00; Su 09:00-14:00";
3017491579;node;Non classifié;N/R;Digicel;N/R;18.569204;-72.334036;Cite Soleil;HT0117;Ouest;;;;;
3027247500;node;Non classifié;N/R;Digicel;N/R;19.342423;-72.581298;L'Estere;HT0513;Artibonite;;;;;
3029757959;node;IMF;Fonkoze;N/R;N/R;19.669922;-72.678668;Gros Morne;HT0521;Artibonite;;;;;
3030947113;node;Non classifié;N/R;Digicel;N/R;19.342361;-72.582113;L'Estere;HT0513;Artibonite;;;;;
3057685749;node;IMF;Fonkoze;N/R;N/R;18.534965;-72.331131;Port-au-Prince;HT0111;Ouest;;Rue O;;;
3081367405;node;IMF;Fonkoze;N/R;N/R;18.534503;-72.333485;Port-au-Prince;HT0111;Ouest;;;;;
3100528882;node;Maison de transfert;Western Union;Western Union;N/R;18.540208;-72.326157;Port-au-Prince;HT0111;Ouest;;;;"Mo-Sa 08:00-19:00; Su 08:00-13:00";
3100528884;node;Banque commerciale;N/R;BNC;N/R;18.54046;-72.325797;Port-au-Prince;HT0111;Ouest;;;;Su 10:00+;
3108737078;node;Banque commerciale;N/R;Sogebank;N/R;18.533033;-72.325578;Port-au-Prince;HT0111;Ouest;;;;24/7;
3118605067;node;Banque commerciale;Banque Populaire Haïtienne (BPH);N/R;N/R;18.517187;-72.291457;Petion-Ville;HT0114;Ouest;;;;;
3131070266;node;Bureau de change;N/R;BPH;N/R;18.575515;-72.29419;Tabarre;HT0118;Ouest;;;;;
3131070267;node;Banque commerciale;N/R;Sogebank;N/R;18.575538;-72.294213;Tabarre;HT0118;Ouest;;;;;
3131070268;node;Non classifié;N/R;Digicel;N/R;18.575539;-72.294161;Tabarre;HT0118;Ouest;;;;;
3131070269;node;Non classifié;N/R;Natcom;N/R;18.57554;-72.294187;Tabarre;HT0118;Ouest;;;;;
3148929211;node;Non classifié;N/R;Digicel;N/R;19.771745;-72.795872;Bassin Bleu;HT0913;Nord-Ouest;;;;;
3148993383;node;Non classifié;N/R;Natcom;N/R;19.946841;-72.822007;Port-de-Paix;HT0911;Nord-Ouest;;;;;
3156047724;node;Banque commerciale;N/R;Sogebank;N/R;18.532203;-72.359377;Port-au-Prince;HT0111;Ouest;;;;;
3165181309;node;Non classifié;Antenne;Digicel;N/R;19.654537;-72.064573;Trou du Nord;HT0431;Nord-Est;;;;;
3191026818;node;Banque commerciale;Sogebank;N/R;N/R;18.432687;-72.866062;Petit-Goave;HT0122;Ouest;;;;"Mo-Fr 08:30-15:30; Sa 08:30-13:00";
3191027160;node;Non classifié;N/R;Digicel;N/R;18.435798;-72.859036;Petit-Goave;HT0122;Ouest;;;;;
3210829306;node;IMF;Cooperative Espoir de Baie-de-Henne;N/R;N/R;19.670555;-73.214873;Baie de Henne;HT0932;Nord-Ouest;;;;;
3212648755;node;Banque commerciale;Kes Popile Fos Trankil Beauchamps;N/R;N/R;19.812402;-72.980194;Port-de-Paix;HT0911;Nord-Ouest;;;;;
3222644168;node;Maison de transfert;Western Union;N/R;N/R;19.757231;-72.201019;Cap-Haitien;HT0311;Nord;;Rue 9 A;;Mo-Sa 08:00-18:00;
3222654129;node;Maison de transfert;cam transfert;N/R;N/R;19.759131;-72.199591;Cap-Haitien;HT0311;Nord;;Rue 14 A;;Mo-Sa 08:00-18:00;
3222658436;node;Banque commerciale;BRH;N/R;N/R;19.759918;-72.199171;Cap-Haitien;HT0311;Nord;;Rue 16 & 17 A;;Mo-Sa 08:00-18:00;
3225558187;node;Non classifié;Anterne;Digicel;N/R;19.667098;-73.263161;Baie de Henne;HT0932;Nord-Ouest;;;;;
3225563076;node;Non classifié;Anterne;Natcom;N/R;19.666847;-73.263635;Baie de Henne;HT0932;Nord-Ouest;;;;;
3231622786;node;IMF;Coopérative Agricole Paysan borgne/AVSF;N/R;N/R;19.817869;-72.571878;Borgne;HT0351;Nord;;;;;
3242962734;node;Maison de transfert;SogeXpress;N/R;N/R;19.469428;-72.114626;Bahon;HT0332;Nord;;;;;
3245620039;node;Banque commerciale;Capital Bank;N/R;N/R;18.562104;-72.317084;Delmas;HT0112;Ouest;;;;;
3249191772;node;Banque commerciale;N/R;Sogebank;N/R;18.519031;-72.291211;Petion-Ville;HT0114;Ouest;;;;;
3359648397;node;Banque commerciale;N/R;Sogebank;N/R;18.434228;-73.078501;Miragoane;HT1011;Nippes;;;;;
3497462249;node;Non classifié;Antenne Digicel;Digicel;N/R;19.100055;-71.727701;Cerca La Source;HT0641;Centre;;;;;
3497462250;node;Non classifié;Antenne Digicel;Digicel;N/R;19.124133;-71.681379;Cerca La Source;HT0641;Centre;;;;;
3497462251;node;Non classifié;Antenne Digicel;Digicel;N/R;19.136841;-71.732406;Cerca La Source;HT0641;Centre;;;;;
3497462252;node;Non classifié;Antenne Digicel;Digicel;N/R;19.235825;-71.683775;Cerca La Source;HT0641;Centre;;;;;
3497462253;node;Non classifié;Antenne Digicel;Digicel;N/R;19.241294;-71.732345;Cerca La Source;HT0641;Centre;;;;;
3497462254;node;Non classifié;Antenne Digicel;Digicel;N/R;19.269082;-71.940151;Cerca Carvajal;HT0614;Centre;;;;;
3497462255;node;Non classifié;Antenne Digicel;Digicel;N/R;19.297456;-71.970821;Cerca Carvajal;HT0614;Centre;;;;;
3497462256;node;Non classifié;Antenne Natcom;Natcom;N/R;19.126264;-71.679954;Cerca La Source;HT0641;Centre;;;;;
3497462257;node;Non classifié;Antenne Natcom;Natcom;N/R;19.1357;-71.732981;Cerca La Source;HT0641;Centre;;;;;
3497462258;node;Non classifié;Antenne Natcom;Natcom;N/R;19.236653;-71.681036;Cerca La Source;HT0641;Centre;;;;;
3497462259;node;Non classifié;Antenne Natcom;Natcom;N/R;19.243347;-71.729736;Cerca La Source;HT0641;Centre;;;;;
3497462260;node;Non classifié;Antenne Natcom;Natcom;N/R;19.268391;-71.936975;Cerca Carvajal;HT0614;Centre;;;;;
3497462261;node;Non classifié;Antenne Natcom;Natcom;N/R;19.269843;-71.975946;Cerca Carvajal;HT0614;Centre;;;;;
3559474785;node;Maison de transfert;N/R;"Western Union;Sogexpress";N/R;18.533211;-72.328552;Port-au-Prince;HT0111;Ouest;;;;"Mo-Sa 08:00-17:00; Su 09:00-14:00";
3696225524;node;Non classifié;N/R;Digicel;N/R;19.716757;-72.701007;Gros Morne;HT0521;Artibonite;;;;;
3697920860;node;Maison de transfert;Sogexpress;N/R;N/R;19.671916;-72.683148;Gros Morne;HT0521;Artibonite;;;;;
3697920861;node;Maison de transfert;Western Union;N/R;N/R;19.671714;-72.683056;Gros Morne;HT0521;Artibonite;;;;;
3697920864;node;Non classifié;N/R;Digicel;N/R;19.671913;-72.683184;Gros Morne;HT0521;Artibonite;;;;Mo-Sa 08:00-17:00;
3771319865;node;Non classifié;N/R;Digicel;N/R;18.531783;-72.329664;Port-au-Prince;HT0111;Ouest;;;;;
3822126617;node;Banque commerciale;(BUH) Banque L'Union Haitienne;N/R;N/R;18.193572;-73.749116;Les Cayes;HT0711;Sud;;;;;
3864436086;node;Guichet ATM;N/R;N/R;N/R;19.661374;-71.951905;Terrier Rouge;HT0433;Nord-Est;;;;;
3886112785;node;Non classifié;Digicel;Digicel;N/R;18.66745;-72.236825;Thomazeau;HT0132;Ouest;;;;;
3887870195;node;Non classifié;Natcom;Natcom;N/R;18.661783;-72.238622;Thomazeau;HT0132;Ouest;;;;;
3946159190;node;Bureau de change;Bureau De Change;N/R;N/R;18.660261;-72.291524;Croix-Des-Bouquets;HT0131;Ouest;;;;;
3958503721;node;Non classifié;N/R;Digicel;N/R;19.145076;-72.007459;Hinche;HT0611;Centre;;;;;
4041170011;node;Banque commerciale;N/R;Sogebank;N/R;18.531863;-72.373645;Carrefour;HT0113;Ouest;;;;;
4041170012;node;Banque commerciale;N/R;Sogebank;N/R;18.531978;-72.373686;Carrefour;HT0113;Ouest;;;;"Mo-Fr 08:30-15:30; Sa 08:30-13:00";
4041178875;node;Maison de transfert;Western Union;Western Union;N/R;18.532672;-72.3255;Port-au-Prince;HT0111;Ouest;;;;"Mo-Sa 08:00-17:00; Su 09:00-14:00";
4057084990;node;Non classifié;N/R;Natcom;N/R;18.516113;-72.291088;Petion-Ville;HT0114;Ouest;;;;;
4090465272;node;Non classifié;N/R;Digicel;N/R;18.423875;-72.769588;Grand-Goave;HT0123;Ouest;;;;;
4124521205;node;Bureau de change;Bureau de change;N/R;N/R;18.687943;-72.31616;Croix-Des-Bouquets;HT0131;Ouest;;;;;
4170125513;node;Banque commerciale;Micro Crédit;N/R;N/R;18.662529;-72.261417;Croix-Des-Bouquets;HT0131;Ouest;;;;;
4192077457;node;Maison de transfert;Bureau de transfert;N/R;N/R;18.652755;-72.252339;Croix-Des-Bouquets;HT0131;Ouest;;;;;
4217603480;node;Bureau de change;Bureau de Change;N/R;N/R;18.647046;-72.275612;Croix-Des-Bouquets;HT0131;Ouest;;;;;
4326257291;node;Banque commerciale;N/R;Sogebank;N/R;18.532685;-72.323862;Port-au-Prince;HT0111;Ouest;;;;24/7;
4332355253;node;Non classifié;N/R;Digicel;N/R;18.552204;-72.315377;Delmas;HT0112;Ouest;;;;;
4490692893;node;Non classifié;N/R;Digicel;N/R;18.538151;-74.157207;Jeremie;HT0811;Grand'Anse;;;;;
4514325963;node;Banque commerciale;N/R;N/R;N/R;18.830629;-72.862753;Anse a Galets;HT0151;Ouest;;;;;
4514325965;node;IMF;Fonkoze Bank;N/R;N/R;18.830491;-72.863255;Anse a Galets;HT0151;Ouest;;;;;
4538455492;node;Maison de transfert;Unitransfer Central;N/R;N/R;18.512199;-72.28736;Petion-Ville;HT0114;Ouest;;Rue Lamarre;50928130451;Mo-Sa 08:30-15:30;http://www.unitransfer.com
4550060090;node;Banque commerciale;Sogebank;N/R;N/R;18.563862;-72.250638;Tabarre;HT0118;Ouest;;;;;
4550083189;node;Banque commerciale;N/R;N/R;N/R;18.564596;-72.251098;Tabarre;HT0118;Ouest;;;;;
4592804389;node;Banque commerciale;Unibank Anacaona;N/R;N/R;18.511319;-72.634244;Leogane;HT0121;Ouest;;;;;
4606066289;node;Banque commerciale;BUH;N/R;N/R;18.558591;-72.246245;Tabarre;HT0118;Ouest;;;;;
4710839790;node;Maison de transfert;Unitransfer;N/R;N/R;18.195134;-73.749172;Les Cayes;HT0711;Sud;;Rue Nicolas Geffrard;;Mo-Sa 08:30-16:00;
4753659423;node;Guichet ATM;N/R;N/R;N/R;18.527262;-72.297572;Petion-Ville;HT0114;Ouest;;;;;
4755281921;node;Banque commerciale;N/R;Sogebank;N/R;18.527259;-72.298064;Petion-Ville;HT0114;Ouest;;;;;
4834858686;node;Banque commerciale;N/R;Sogebank;N/R;18.514593;-72.288377;Petion-Ville;HT0114;Ouest;;;;;
4907055663;node;Banque commerciale;N/R;Sogebank;N/R;18.526567;-72.321345;Port-au-Prince;HT0111;Ouest;;;;;
4939088998;node;IMF;FONKOZE;N/R;N/R;18.477965;-73.955786;Beaumont;HT0833;Grand'Anse;;;;;
5032187925;node;Maison de transfert;Uni Transfert bureau de change;N/R;N/R;18.525957;-72.340116;Port-au-Prince;HT0111;Ouest;;Avenue Magloire Ambroise Prolongée;;Mo-Sa 09:00-16:00;
5032187926;node;Bureau de change;Dola Dola;N/R;N/R;18.527116;-72.340625;Port-au-Prince;HT0111;Ouest;;;;;
5032188735;node;Banque commerciale;SOGEBANK;N/R;N/R;18.52984;-72.3414;Port-au-Prince;HT0111;Ouest;;;;;
5032188923;node;Maison de transfert;CAM transfert;N/R;N/R;18.526529;-72.340394;Port-au-Prince;HT0111;Ouest;;Avenue Magloire Ambroise Prolongée;;Mo-Sa 09:00-16:00;
5032188924;node;IMF;Caisse Populaire de Saint Gérard;N/R;N/R;18.528696;-72.339804;Port-au-Prince;HT0111;Ouest;;Route des Dalles;;;
5100279420;node;Non classifié;N/R;Digicel;N/R;19.291936;-72.644336;Desdunes;HT0544;Artibonite;;;;;
5166559270;node;Non classifié;N/R;Digicel;N/R;18.606966;-72.319387;Cite Soleil;HT0117;Ouest;;;;;
5166567582;node;Banque commerciale;Sogefac;Sogebank;N/R;18.564437;-72.312591;Delmas;HT0112;Ouest;;;;;
5166598163;node;Non classifié;Digicel;Digicel;N/R;18.545595;-72.341366;Port-au-Prince;HT0111;Ouest;;;;;
5200496301;node;IMF;Caisse Populaire Desarmes;N/R;N/R;18.991061;-72.388892;Verrettes;HT0532;Artibonite;;;;;
5218748364;node;Agent MonCash;LINOU STO RI DIFO PROLONJE - MONCASH;MONCASH;N/R;19.735994;-72.196584;Cap-Haitien;HT0311;Nord;;;;24/7;
5218748365;node;Agent MonCash;ALO COMMUNICATION AEOPORT CAP HAITIEN - MONCASH;MONCASH;N/R;19.738766;-72.190586;Cap-Haitien;HT0311;Nord;;;;24/7;
5218748366;node;Agent MonCash;CADOR NANIE - MONCASH;MONCASH;N/R;19.734829;-72.186922;Cap-Haitien;HT0311;Nord;;;;24/7;
5218748367;node;Agent MonCash;Philistin Nadège - Moncash;MONCASH;N/R;19.732373;-72.185139;Cap-Haitien;HT0311;Nord;;;;24/7;
5218748368;node;Agent MonCash;CAP COMPLEXE KRAZE ZO - MONCASH;MONCASH;N/R;19.731407;-72.184092;Cap-Haitien;HT0311;Nord;;;;24/7;
5225323860;node;Banque commerciale;Banque Nationale du Crédit;BNC;N/R;18.57534;-72.307849;Delmas;HT0112;Ouest;;;;;
5225323861;node;Banque commerciale;Unibank;Unibank;N/R;18.565274;-72.313506;Delmas;HT0112;Ouest;;;;;
5244945323;node;Banque commerciale;Société Générale Haïtienne de Banque;N/R;N/R;18.55032;-72.310059;Delmas;HT0112;Ouest;;;"+509 22295000; +509 28155000";;http://sogebank.com
5312141415;node;Maison de transfert;N/R;"Sogexpress;Cam";N/R;18.456997;-72.63377;Leogane;HT0121;Ouest;;;;;
5315594415;node;Banque commerciale;N/R;Sogebank;N/R;18.532878;-72.323443;Port-au-Prince;HT0111;Ouest;;;;24/7;
5315760717;node;Banque commerciale;Banque de l’Union Haïtienne;BUH;N/R;18.568548;-72.311938;Delmas;HT0112;Ouest;;;;;
5315766217;node;Banque commerciale;N/R;Unibank;N/R;18.5506;-72.311786;Delmas;HT0112;Ouest;;;;;
5315766218;node;Banque commerciale;N/R;Sogebank;N/R;18.550518;-72.311786;Delmas;HT0112;Ouest;;;;;
5366067324;node;Banque commerciale;N/R;Sogebank;N/R;18.522801;-72.25461;Petion-Ville;HT0114;Ouest;;;;;
5366072324;node;Banque commerciale;Unibank;N/R;N/R;18.546583;-72.317255;Delmas;HT0112;Ouest;;;;;
5468787354;node;Banque commerciale;N/R;BNC;N/R;18.539678;-72.333105;Port-au-Prince;HT0111;Ouest;;;;;
5468787356;node;Non classifié;N/R;Digicel;N/R;18.535693;-72.333815;Port-au-Prince;HT0111;Ouest;;;;;
5468792360;node;Banque commerciale;N/R;Unibank;N/R;18.535128;-72.319225;Port-au-Prince;HT0111;Ouest;;;;;
5468792361;node;Banque commerciale;N/R;Sogebank;N/R;18.535131;-72.319246;Port-au-Prince;HT0111;Ouest;;;;;
5793932454;node;Guichet ATM;N/R;N/R;N/R;18.54789;-72.303106;Delmas;HT0112;Ouest;;;;;
5794012953;node;Guichet ATM;N/R;N/R;N/R;18.576211;-72.306511;Tabarre;HT0118;Ouest;;;;;
5830041886;node;Guichet ATM;N/R;N/R;N/R;18.534427;-72.302707;Port-au-Prince;HT0111;Ouest;;;;;
5929177360;node;Maison de transfert;Sogexpress;N/R;N/R;18.512153;-72.274804;Petion-Ville;HT0114;Ouest;;;;;
5929186727;node;Maison de transfert;SogexPress:Western Union;N/R;N/R;18.512638;-72.273994;Petion-Ville;HT0114;Ouest;;Rue Félix Massac;;;
5929480659;node;Maison de transfert;Western Union;N/R;N/R;18.51198;-72.274582;Petion-Ville;HT0114;Ouest;;;;;
6170542214;node;Banque commerciale;Banque de l’Union Haïtienne;Banque de l’Union Haïtienne;N/R;18.542098;-72.523166;Gressier;HT0116;Ouest;;;;;
6222401791;node;Agent MonCash;MonCash;Digicel;N/R;18.532363;-72.323871;Port-au-Prince;HT0111;Ouest;;;;;
6222411457;node;Maison de transfert;N/R;SogeExpress;N/R;18.532657;-72.325504;Port-au-Prince;HT0111;Ouest;;;;"Mo-Sa 08:00-17:00; Su 09:00-14:00";
6248593907;node;Banque commerciale;N/R;Unibank;N/R;18.547232;-72.305467;Delmas;HT0112;Ouest;;;;;
6248593908;node;Banque commerciale;N/R;Sogebank;N/R;18.547258;-72.305466;Delmas;HT0112;Ouest;;;;;
6279965248;node;Banque commerciale;Sogebank;N/R;N/R;18.508423;-72.629486;Leogane;HT0121;Ouest;;;;;
6328911803;node;Banque commerciale;Bnc Tabarre;BNC;N/R;18.578241;-72.264463;Tabarre;HT0118;Ouest;;;;;
6328926291;node;Non classifié;N/R;Digicel;N/R;18.583952;-72.315514;Cite Soleil;HT0117;Ouest;;;;;
6329704915;node;Banque commerciale;N/R;BUH;N/R;18.547798;-72.30501;Delmas;HT0112;Ouest;;;;;
6336532343;node;Maison de transfert;Capital Transfert;N/R;N/R;18.540239;-72.326183;Port-au-Prince;HT0111;Ouest;;;;;
6340890784;node;Maison de transfert;Western Union;Western Union;N/R;18.512702;-72.273976;Petion-Ville;HT0114;Ouest;;;;;
6363950392;node;Bureau de change;Lotto Kioske;N/R;N/R;18.525617;-72.355992;Port-au-Prince;HT0111;Ouest;;;;;
6379689968;node;Banque commerciale;Banque Nationale de Credit;N/R;N/R;18.534222;-72.327673;Port-au-Prince;HT0111;Ouest;;Avenue Jean Paul II;;;https://www.bnconline.com
6415473390;node;Banque commerciale;BNC;N/R;N/R;18.533071;-72.290969;Delmas;HT0112;Ouest;;;;;
6522234328;node;Banque commerciale;N/R;Sogebank;N/R;18.432666;-72.866105;Petit-Goave;HT0122;Ouest;;;;;
6522249691;node;Banque commerciale;N/R;Sogebank;N/R;18.432666;-72.866105;Petit-Goave;HT0122;Ouest;;;;;
6525635460;node;IMF;Caisse Populaire COPLES;N/R;N/R;19.938858;-72.829519;Port-de-Paix;HT0911;Nord-Ouest;;Rue Notre Dame;;;
6659313711;node;Agent MonCash;Mon Cash;N/R;N/R;18.532564;-72.35856;Port-au-Prince;HT0111;Ouest;;;;;
6821533224;node;Maison de transfert;Daunte et Mathis;"Moneygram;Unitransfer";N/R;19.412528;-72.081962;Ranquitte;HT0343;Nord;;;;;
6821533228;node;Agent MonCash;Moncash;N/R;N/R;19.343227;-72.072657;Pignon;HT0344;Nord;;;;;
6856410110;node;Maison de transfert;N/R;"Western Union;Sogexpress";N/R;18.522128;-72.254254;Petion-Ville;HT0114;Ouest;;;;;
6981507245;node;Banque commerciale;Unibank;N/R;N/R;18.5389;-72.321772;Port-au-Prince;HT0111;Ouest;;;;;
6987415287;node;Agent MonCash;Moncash;N/R;N/R;18.541868;-72.392685;Carrefour;HT0113;Ouest;;;;;
7067218021;node;Banque commerciale;Banque Interaméricaine de Développement;N/R;N/R;18.537574;-72.311875;Port-au-Prince;HT0111;Ouest;;Avenue John Brown;;;
7206433985;node;Guichet ATM;N/R;N/R;N/R;18.499842;-72.610289;Leogane;HT0121;Ouest;;;;24/7;
7472168569;node;Maison de transfert;N/R;"Sogexpress;Western Union";N/R;18.57566;-72.270112;Tabarre;HT0118;Ouest;;;;;
7677104519;node;Banque commerciale;Capital Bank;CAZEAU;N/R;18.587798;-72.295728;Cite Soleil;HT0117;Ouest;;;;;
7901802375;node;Banque commerciale;N/R;atm sogebank;N/R;18.548597;-72.40204;Carrefour;HT0113;Ouest;;;;;
9008803524;node;Maison de transfert;N/R;N/R;N/R;18.383359;-73.415257;L'Asile;HT1023;Nippes;;;;;
9008803540;node;Maison de transfert;N/R;N/R;N/R;18.384727;-73.412904;L'Asile;HT1023;Nippes;;;;;
9008841124;node;Maison de transfert;N/R;N/R;N/R;18.383085;-73.412038;L'Asile;HT1023;Nippes;;;;;
9008841129;node;Banque commerciale;Louloune Market;N/R;N/R;18.377543;-73.410626;L'Asile;HT1023;Nippes;;;;;
9397330721;node;Banque commerciale;Banque de l'Union Haïtienne;N/R;N/R;18.574783;-72.261643;Tabarre;HT0118;Ouest;;;;;https://buh.ht
9628076027;node;Maison de transfert;Kay Ayiya Transfer;N/R;N/R;19.670062;-72.126999;Limonade;HT0313;Nord;;Pont Maricley Républicaine Boulevard Capois la Mort;;Mo-Sa 08:00-18:00;
9662048620;node;Banque commerciale;je ne sais pas;N/R;N/R;19.69852;-72.158586;Quartier Morin;HT0312;Nord;;;;Mo-Su,PH 08:00-18:00;
9662048717;node;Banque commerciale;inconnu;N/R;N/R;19.698278;-72.158643;Quartier Morin;HT0312;Nord;;;;Mo-Sa 08:00-18:00;
9724008617;node;Agent MonCash;kdo Moncash, Natacha;N/R;N/R;19.695597;-72.15872;Quartier Morin;HT0312;Nord;;Route Nationale # 6;;Mo-Su 09:00-18:00;
9934114046;node;IMF;Caisse Populaire Petite Epagne de la La Vallée;N/R;N/R;18.268312;-72.664875;La Vallee;HT0214;Sud-Est;;Ridoré;;;
10231965994;node;Banque commerciale;BRH;Banque de la République d'Haïti;N/R;18.548131;-72.345715;Port-au-Prince;HT0111;Ouest;;;;;
10231965996;node;Guichet ATM;N/R;Banque de la République d'Haïti;N/R;18.548386;-72.346146;Port-au-Prince;HT0111;Ouest;;;;;
10231965997;node;Guichet ATM;N/R;Banque de la République d'Haïti;N/R;18.548594;-72.345783;Port-au-Prince;HT0111;Ouest;;;;;
10231965998;node;Banque commerciale;N/R;Unibank;N/R;18.533604;-72.324563;Port-au-Prince;HT0111;Ouest;;;;;
12142980655;node;Banque commerciale;Borlette;N/R;N/R;19.670598;-72.128477;Limonade;HT0313;Nord;;;;24/7;
12386929104;node;Maison de transfert;Unitransfer;N/R;N/R;18.511692;-72.633109;Leogane;HT0121;Ouest;;;;;
48279452;way;Banque commerciale;Banque Nationale de Crédit BNC;N/R;N/R;18.548916;-72.345299;Port-au-Prince;HT0111;Ouest;Port-au-Prince;Rue des Miracles;+5092816001;08:00-16:00;https://www.bnconline.com/
48279466;way;Banque commerciale;Banque de l'Union Haitienne SA;N/R;N/R;18.550087;-72.345077;Port-au-Prince;HT0111;Ouest;;;;;
48375256;way;Banque commerciale;Banque Nationale;N/R;N/R;19.447253;-72.695608;Gonaives;HT0511;Artibonite;;;;;
48408635;way;Banque commerciale;Banque de la République d'Haïti;N/R;N/R;18.548489;-72.345665;Port-au-Prince;HT0111;Ouest;Port-au-Prince;Angle rue du Quai et Pavee;+50922991202;;https://www.brh.net
48531083;way;Banque commerciale;UniBank;N/R;N/R;18.591894;-72.29029;Tabarre;HT0118;Ouest;;;;;
48561137;way;Banque commerciale;Banque Nationale;N/R;N/R;19.939852;-72.830191;Port-de-Paix;HT0911;Nord-Ouest;;;;;
48983447;way;Banque commerciale;Unibank;N/R;N/R;18.576864;-72.262012;Tabarre;HT0118;Ouest;;;;;
49188214;way;Banque commerciale;UniBank;UniBank;N/R;18.513024;-72.283193;Petion-Ville;HT0114;Ouest;;rue Metellus;;;
49601053;way;Banque commerciale;SogeSiege Sogebank S.A.;N/R;N/R;18.550343;-72.310064;Delmas;HT0112;Ouest;;Route de Delmas;;;
231124636;way;Banque commerciale;000;N/R;N/R;19.757914;-72.200257;Cap-Haitien;HT0311;Nord;;inconnu ;;24/7;
239633060;way;Banque commerciale;Sogebank;N/R;N/R;18.571643;-72.306997;Delmas;HT0112;Ouest;;;;"Mo-Fr 08:30-15:30; Sa 08:30-13:00";
239633061;way;Maison de transfert;Western Union;N/R;N/R;18.572251;-72.306669;Delmas;HT0112;Ouest;;;;"Mo-Sa 08:30-17:00; Su 09:00-14:00";
248896222;way;IMF;Caisse Populaire;N/R;N/R;19.373404;-72.334865;Saint-Michel de l'Attalaye;HT0551;Artibonite;Ville de Saint-Michel de l'Attalaye;Rue Guerrier;;;
306069484;way;Banque commerciale;Sogebank;Sogebank;N/R;18.532745;-72.325641;Port-au-Prince;HT0111;Ouest;;;;;
344123923;way;Banque commerciale;Caisse Rurale d'Epargne et de Crédit (KREP);N/R;N/R;19.251005;-71.900608;Cerca Carvajal;HT0614;Centre;;;;;
374435711;way;IMF;Caisse Populaire;N/R;N/R;19.372682;-72.335173;Saint-Michel de l'Attalaye;HT0551;Artibonite;;;;;
439785379;way;Banque commerciale;sogebank;N/R;N/R;18.557179;-72.245535;Tabarre;HT0118;Ouest;;Boulevard 15 Octobre (Route de Tabarre);;"Mo-Fr 08:30-17:00; Sa 08:30-12:00";https://buh.ht/
449347009;way;IMF;Fonkoze Bank;N/R;N/R;18.830534;-72.862696;Anse a Galets;HT0151;Ouest;;;;;
618685899;way;Banque commerciale;Scotiabank;Scotiabank;N/R;18.548749;-72.344672;Port-au-Prince;HT0111;Ouest;;;;;
664772402;way;Banque commerciale;Unibank;N/R;N/R;18.533571;-72.324345;Port-au-Prince;HT0111;Ouest;;Avenue Martin Luther King;+509 28131948;"Mo-Fr 08:30-16:00; Sa 08:30-15:00";
686298859;way;Banque commerciale;Nouveau Bâtiment Administratif  de la BRH;N/R;N/R;18.548355;-72.345144;Port-au-Prince;HT0111;Ouest;;Rue du Magasin de l'État;;;
846827737;way;Maison de transfert;N/R;N/R;N/R;18.53867;-72.410631;Carrefour;HT0113;Ouest;;;;;
1312084350;way;Banque commerciale;Peter Center Bank;N/R;N/R;19.663235;-72.13373;Limonade;HT0313;Nord;;;;Mo-Su,PH 08:00-18:00;
1312084352;way;Banque commerciale;Kay LJ Borlette;N/R;N/R;19.663368;-72.133502;Limonade;HT0313;Nord;;inconnu ;;Mo-Su,PH 08:00-18:00;
1312240873;way;Banque commerciale;Peter center Bank;N/R;N/R;19.663264;-72.13379;Limonade;HT0313;Nord;;;;24/7;
1312240874;way;Banque commerciale;St Philomene loto center Borlette;N/R;N/R;19.663343;-72.133711;Limonade;HT0313;Nord;;;;Mo-Su,PH 08:00-18:00;
1312240875;way;Banque commerciale;Kay F.J Borlette;N/R;N/R;19.663339;-72.133509;Limonade;HT0313;Nord;;;;24/7;
1312240879;way;Banque commerciale;Disip la lage;N/R;N/R;19.664214;-72.132958;Limonade;HT0313;Nord;;inconnu ;;24/7;
1329437169;way;Banque commerciale;N/R;N/R;N/R;19.719083;-72.164644;Quartier Morin;HT0312;Nord;;;;;
1329437174;way;Banque commerciale;N/R;N/R;N/R;19.717321;-72.16485;Quartier Morin;HT0312;Nord;;;;;
1329458107;way;Banque commerciale;bel rev lotto;N/R;N/R;19.724735;-72.169426;Cap-Haitien;HT0311;Nord;;;;;
1329458115;way;Banque commerciale;ak bank;N/R;N/R;19.724552;-72.163751;Quartier Morin;HT0312;Nord;;;;;
